"id","group","covers","scenario","expected","mode","source_status","implementation","status","evidence","limitations"
"T001","baseline","B01;B02","Открыть checkout с более новым HEAD и uncommitted changes","Зафиксированы изменения; нет reset/overwrite","manual","not_run","HEAD и uncommitted изменения зафиксированы; reset/overwrite не выполнялись.","not_run","IMPLEMENTATION_STATUS.md: HEAD 413ad4a34e53203f39df3946962903f51caf16a0, fetch/status и сохранение .serena; исходная сборка passed","На реальном checkout HEAD совпал с аудитом. Отдельный сценарий с более новым HEAD не воспроизводился; сохранение текущих uncommitted изменений подтверждено."
"T002","baseline","B02","Установить зависимости по lockfile на согласованной Node","Установка воспроизводима; mismatch engines/native deps отражён в report","CI","not_run","Windowscleaninstall и LinuxCI npmci прошли; последний localnpmtest93/93 содержит 2 новых SEO checkerregressions.","passed","IMPLEMENTATION_STATUS.md; package-lock.json: исходный npm ci 947 пакетов; финальный чистый npm ci 1056 пакетов passed, Node 24.16.0/npm 11.13.0 Linux GitHub Quality34132591085 npm ci success на commit1e23fc5. | GitHub Quality run34132591085/job101776022750 completed success на commit1e23fc58a68af50917f0334b037a356c28de8fc4: Linux npm ci/lint/typecheck/test/audit(high)/Node build/SEO/assets/Vercel build все success; conditional upload-artifact skipped. https://github.com/shalinivan9669/sertificate/actions/runs/34132591085 | docs/PREVIEW-NOINDEX-QA.md: isolated OT_NOINDEX=true coldVercel84765834 exit0,550 publicHTML/sitemap550,15770 assetrefs/missing0; actual noindex+robots Disallow:/;2 checker regressions passed. Полный новый local npmtest93/93 exit0,0skip; runtimeкоднеизменён.","RemoteQualitypass — только commit1e23fc5/старыйнабор 91; новый checker/docs commit ещёнепрошёл remoteCI."
"T003","design","B03;B09","Сравнить главную before/after на1440 и390","HomePageClassic, брендинг и визуальная система сохранены; изменения объяснены","visual/manual","not_run","Latest8 HomePageClassic before/after сравнений на 1440/768/390/360 RU/KK: 0 различий контента/стилей/relative geometry; header/footer изменения объяснены.","passed","artifacts/visual/design-after-6aa9fbb6/report.json; docs/VISUAL-ACCESSIBILITY-QA.md: 52 responsive pages, 8 HomePageClassic comparisons, 6 CSS zoom200, 2 keyboard/name/error checks, failures0. Screen reader not_run.","Мобильная высота шапки увеличена ради читаемого логотипа/навигации; это зафиксированное изменение, не новый лендинг."
"T004","design","B03;B49","Открыть RU/KK на360px и при200%zoom","Нет overflow/недоступного CTA/обрезанных обязательных условий","manual","not_run","Latest52 responsive страницы, RU/KK360px без overflow и 6 CSS zoom200 проверок прошли.","passed","artifacts/visual/design-after-6aa9fbb6/report.json; docs/VISUAL-ACCESSIBILITY-QA.md: 52 responsive pages, 8 HomePageClassic comparisons, 6 CSS zoom200, 2 keyboard/name/error checks, failures0. Screen reader not_run. | artifacts/lms-browser/report.json: latest Node Chromium11 passed, 0 pageErrors; RU/KK360/1440, original program returnTo, offline/retry, stable exam/reload/conflict, server pass/fail, fake success/ownership/logout.","Zoom реализован явно через CSS; native browser/system zoom и screen reader не проверены."
"T005","routes","B07","Открыть все кандидатные city/course/format routes","Верная сущность или обоснованный404; нет route collision","HTTP/route-contract","not_run","Весь explicit inventory550 открыт через --all HTTP:550 public200,10 private header checks,6 true404; правильные SSR entities/canonical/locale без route collision.","passed","artifacts/seo/http-contract-all-report-6aa9fbb6.json: 2026-09-07 14:15:11 UTC --all local HTTP550 public200,10 private no-store/noindex,6 true404,sitemap550/robots; весь explicit inventory запрошен. Не hosted CDN. | config/public-route-policy.js; route/source tests в полном npm test91/91; оба public artifacts550; final --all HTTP550/10/6/sitemap550 passed, including9legacy и22новых RU/KK карточки.","Local Node6aa9fbb6, без проверки production CDN/DNS; произвольные пути вне inventory проверены 6 negative cases."
"T006","routes","B08","Открыть /courses/not-a-real-program","Реальный404; не industrial-safety и не мутация пользовательского курса","HTTP/e2e","not_run","Неизвестный program ID даёт 404 и не меняет выбранный курс.","passed","tests/core-domain.test.ts: последний полный запуск 19/19 passed, включая 20 направлений, billing basis, корпоративный self-enrollment guard и canonical publicPath | artifacts/seo/http-contract-all-report-6aa9fbb6.json: 2026-09-07 14:15:11 UTC --all local HTTP550 public200,10 private no-store/noindex,6 true404,sitemap550/robots; весь explicit inventory запрошен. Не hosted CDN.","Подтверждено core API и latest Node browser/HTTP negative samples."
"T007","routes","B07;B08","Передать неизвестный город и корректный courseSlug","404; не fallback на другой город","HTTP","not_run","Resolver и HTTP проверяют неизвестный город без fallback на другой.","passed","artifacts/seo/http-contract-all-report-6aa9fbb6.json: 2026-09-07 14:15:11 UTC --all local HTTP550 public200,10 private no-store/noindex,6 true404,sitemap550/robots; весь explicit inventory запрошен. Не hosted CDN. | config/public-route-policy.js; route/source tests в полном npm test91/91; оба public artifacts550; final --all HTTP550/10/6/sitemap550 passed, including9legacy и22новых RU/KK карточки.","Повтор на production не выполнялся."
"T008","routes","B12","Выбрать KK и пройти selection→auth→learn→cabinet","KK и program/city сохраняются","e2e","not_run","Locale/program returnTo сохранены компонентами и auth callbacks; RU/KK screens проверены.","not_run","artifacts/lms-browser/report.json: latest Node Chromium11 passed, 0 pageErrors; RU/KK360/1440, original program returnTo, offline/retry, stable exam/reload/conflict, server pass/fail, fake success/ownership/logout. | artifacts/lms-browser/auth-report.json: latest Node Chromium6 passed, queued verification/reset, real TOTP/sign-in MFA, 390px без overflow/JSerrors; SMTP не отправлялся. | tests/core-auth.test.ts: 8/8, реальные Better Auth HTTP cookie, verification/reset/TOTP, limiter, RU/KK transactional outbox","Latest RU/KK screens/auth callbacks прошли; полный единый KK selection→auth→learn→cabinet с city отдельно не выполнен."
"T009","routes","B23","Передать внешний/опасный returnTo","Не происходит внешнего редиректа; безопасный внутренний fallback","security/API","not_run","Опасные external/encoded/backslash returnTo отклоняются с безопасным fallback.","passed","tests/core-domain.test.ts: последний полный запуск 19/19 passed, включая 20 направлений, billing basis, корпоративный self-enrollment guard и canonical publicPath | tests/core-auth.test.ts: 8/8, реальные Better Auth HTTP cookie, verification/reset/TOTP, limiter, RU/KK transactional outbox","Проверка выполнена локально."
"T010","routes","B25","Во время активного обучения открыть главную и каталог","Enrollment/progress/attempt не сбрасываются","e2e","not_run","Enrollment/attempt живут в DB; public navigation не содержит reset.","not_run","tests/core-domain.test.ts: последний полный запуск 19/19 passed, включая 20 направлений, billing basis, корпоративный self-enrollment guard и canonical publicPath | artifacts/lms-browser/report.json: latest Node Chromium11 passed, 0 pageErrors; RU/KK360/1440, original program returnTo, offline/retry, stable exam/reload/conflict, server pass/fail, fake success/ownership/logout.","Точный e2 e переход на главную/каталог во время активной попытки отдельно не зафиксирован."
"T011","SEO","B05","Собрать приложение и просмотреть prerender manifest","Нет кабинетов/экзаменов/оплат/полных документов и пользовательских данных","build-contract","not_run","Cold Vercel build с platform env после cleanup содержит 550 public HTML +GSC; кабинетов/экзаменов/оплат/полных документов и пользовательских данных в prerender нет.","passed","Основной исполнитель: cold Vercel build с VERCEL=1/VERCEL_ENV=preview после cleanup exit0; 550 public HTML +1 GSC, private HTML absent; 15770 asset refs, missing0, единый buildId 34a99837-1e71-4025-83a9-2414427497cf. Runtime Node24/maxDuration60, function18.1MB (gzip4.57MB). Stale cache устранён; hosted smoke ещё не выполнен. Последний Node artifact 6aa9fbb6: 550 public HTML, 15770 references, один buildId, missing0; full typecheck passed.","Проверен deployment artifact с единым buildId и нулём missing assets. Hosted CDN cache isolation и живой production не проверены."
"T012","SEO","B05;B11","Прочитать все sitemap chunks","Только approved canonical public200; нет private/query-state/token URLs","HTTP/XML","not_run","Последний sitemap прочитан целиком:550 canonical public URL совпадают с explicit inventory; каждый проверен HTTP200, private/query/token отсутствуют.","passed","artifacts/seo/http-contract-all-report-6aa9fbb6.json: 2026-09-07 14:15:11 UTC --all local HTTP550 public200,10 private no-store/noindex,6 true404,sitemap550/robots; весь explicit inventory запрошен. Не hosted CDN. | Основной исполнитель: cold Vercel build с VERCEL=1/VERCEL_ENV=preview после cleanup exit0; 550 public HTML +1 GSC, private HTML absent; 15770 asset refs, missing0, единый buildId 34a99837-1e71-4025-83a9-2414427497cf. Runtime Node24/maxDuration60, function18.1MB (gzip4.57MB). Stale cache устранён; hosted smoke ещё не выполнен. Последний Node artifact 6aa9fbb6: 550 public HTML, 15770 references, один buildId, missing0; full typecheck passed.","Полный local HTTP inventory проверен; внешняя индексация и production sitemap отдельно не проверялись."
"T013","SEO","B10","Посмотреть SSR head публичных RU/KK программ","Ровно один canonical; KK→KK, RU→RU; host согласован","HTTP/HTML","not_run","Все 550 public SSR responses имеют один canonical/title/description/H1, correct RU/KK locale и согласованный otcenter.kz host.","passed","artifacts/seo/http-contract-all-report-6aa9fbb6.json: 2026-09-07 14:15:11 UTC --all local HTTP550 public200,10 private no-store/noindex,6 true404,sitemap550/robots; весь explicit inventory запрошен. Не hosted CDN.","Это local Node SSR; реальный production host/CDN отдельно не проверен."
"T014","SEO","B12","Сравнить hreflang RU и KK эквивалентов","Self+reciprocal; несуществующая локаль не анонсируется","HTTP/HTML","not_run","Полный HTTP550 checker подтвердил self/reciprocal ru-KZ/kk-KZ links для всего explicit inventory.","passed","artifacts/seo/http-contract-all-report-6aa9fbb6.json: 2026-09-07 14:15:11 UTC --all local HTTP550 public200,10 private no-store/noindex,6 true404,sitemap550/robots; весь explicit inventory запрошен. Не hosted CDN.","Все 550 локальных публичных адресов; hosted responses отдельно не проверены."
"T015","SEO","B11","Проверить robots и доступ к нужным /_nuxt файлам","Необходимый JS/CSS доступен боту; robots не выдаётся за auth","HTTP","not_run","Latest robots HTTP200 не запрещает /_nuxt, sitemap указан; browser загружает JS/CSS, все 15770 asset refs в artifact существуют.","passed","artifacts/seo/http-contract-all-report-6aa9fbb6.json: 2026-09-07 14:15:11 UTC --all local HTTP550 public200,10 private no-store/noindex,6 true404,sitemap550/robots; весь explicit inventory запрошен. Не hosted CDN. | Основной исполнитель: cold Vercel build с VERCEL=1/VERCEL_ENV=preview после cleanup exit0; 550 public HTML +1 GSC, private HTML absent; 15770 asset refs, missing0, единый buildId 34a99837-1e71-4025-83a9-2414427497cf. Runtime Node24/maxDuration60, function18.1MB (gzip4.57MB). Stale cache устранён; hosted smoke ещё не выполнен. Последний Node artifact 6aa9fbb6: 550 public HTML, 15770 references, один buildId, missing0; full typecheck passed. | artifacts/lms-browser/report.json: latest Node Chromium11 passed, 0 pageErrors; RU/KK360/1440, original program returnTo, offline/retry, stable exam/reload/conflict, server pass/fail, fake success/ownership/logout.","Local HTTP/browser/artifact; настоящий CDN не проверен."
"T016","SEO","B05","Открыть приватный HTML напрямую без аккаунта","Нет PII; auth/401/403/404 по контракту; no-store/noindex где применимо","HTTP/security","not_run","Анонимный private HTML/API не раскрывает PII, устанавливает private no-store/noindex.","passed","artifacts/seo/http-contract-all-report-6aa9fbb6.json: 2026-09-07 14:15:11 UTC --all local HTTP550 public200,10 private no-store/noindex,6 true404,sitemap550/robots; весь explicit inventory запрошен. Не hosted CDN. | tests/http-security.test.ts: 3/3; streamed body limits, origin/JSON, private headers; tests/core-auth.test.ts limiter | tests/core-auth.test.ts: 8/8, реальные Better Auth HTTP cookie, verification/reset/TOTP, limiter, RU/KK transactional outbox","Hosted edge/CDN кеш не включён в локальное доказательство."
"T017","SEO","B05;B37","Проверить CDN cache двумя разными аккаунтами","Нет межпользовательской выдачи закэшированного HTML/файлов","integration/CDN","not_run","Код ставит private no-store и проверяет владельца.","not_run","tests/http-security.test.ts: 3/3; streamed body limits, origin/JSON, private headers; tests/core-auth.test.ts limiter | tests/core-auth.test.ts: 8/8, реальные Better Auth HTTP cookie, verification/reset/TOTP, limiter, RU/KK transactional outbox | tests/business-integration.test.ts; docs/BUSINESS-QA.md: последний отдельный запуск 23/23 passed, включая общий deadline CRM; изолированная libSQL и управляемый transport | RootCUA: Vercel8ApeFvY61QTAmTCWS3SqJ4PKzJ4m Ready1m32s;4publicpages открыты — HomePageClassic/catalog20/ISO9001RU/KK сrequestprices. /kk/cabinet показывает localizedrequesterror+retry, неfunctionalpass. /api/ready ERR_BLOCKED_BY_CLIENT, external302SSO/noindex, protectionнеобходили. ResourcesNode24/max60s/hostedsize8.69MB (другаяmetricчемlocal18.1MB). DB/SMTPunconnected.","Двухпользовательский hosted CDN cache test не выполнен. Preview HTTP упирается в VercelSSO/client block; обход защиты не предпринимался."
"T018","SEO","B45;B46","Открыть city landing и JSON-LD","Нет developer-copy/фальшивого филиала; полезный текст и фактические claims","manual/content","not_run","Полный HTTP550 SSR/JSON-LD не содержит developer-copy или invented LocalBusiness; visual city RU/KK sample дополнительно просмотрен.","passed","artifacts/seo/http-contract-all-report-6aa9fbb6.json: 2026-09-07 14:15:11 UTC --all local HTTP550 public200,10 private no-store/noindex,6 true404,sitemap550/robots; весь explicit inventory запрошен. Не hosted CDN. | artifacts/visual/design-after-6aa9fbb6/report.json; docs/VISUAL-ACCESSIBILITY-QA.md: 52 responsive pages, 8 HomePageClassic comparisons, 6 CSS zoom200, 2 keyboard/name/error checks, failures0. Screen reader not_run. | shared/course-registry.ts; shared/source-products.ts; docs/CORE_SOURCE_CATALOG.md: 9 legacy+11 новых,16 услуг, цены по запросу, учебных материалов нет","Полный технический SSR scan и ограниченный visual sample; human SME review содержания не заменён автоматической проверкой."
"T019","SEO","B04;B10","Проверить выбранный host и известные aliases","Нет цепочек/петель и неожиданных canonical changes","HTTP","not_run","Известные aliases разрешаются явно, выбранный host сохранён.","not_run","tests/core-domain.test.ts: последний полный запуск 19/19 passed, включая 20 направлений, billing basis, корпоративный self-enrollment guard и canonical publicPath | artifacts/seo/http-contract-all-report-6aa9fbb6.json: 2026-09-07 14:15:11 UTC --all local HTTP550 public200,10 private no-store/noindex,6 true404,sitemap550/robots; весь explicit inventory запрошен. Не hosted CDN.","Production redirect-chain/canonical проверка на конечном host ещё не запускалась."
"T020","identity","B16","Вход/выход/восстановление и истёкшая сессия","Корректная верификация, invalidation и нейтральные ошибки","API/e2e","not_run","Вход/выход/verified email/reset проверены реальным Better Auth HTTP и Chromium.","not_run","tests/core-auth.test.ts: 8/8, реальные Better Auth HTTP cookie, verification/reset/TOTP, limiter, RU/KK transactional outbox | artifacts/lms-browser/auth-report.json: latest Node Chromium6 passed, queued verification/reset, real TOTP/sign-in MFA, 390px без overflow/JSerrors; SMTP не отправлялся.","Отдельный сценарий естественно истёкшей session по времени не зафиксирован; SMTP не отправлялся."
"T021","identity","B16","После logout повторить запрос со старой session cookie","Сессия не предоставляет доступ","API/security","not_run","После logout прежняя cookie даёт 401.","passed","tests/core-auth.test.ts: 8/8, реальные Better Auth HTTP cookie, verification/reset/TOTP, limiter, RU/KK transactional outbox | artifacts/lms-browser/report.json: latest Node Chromium11 passed, 0 pageErrors; RU/KK360/1440, original program returnTo, offline/retry, stable exam/reload/conflict, server pass/fail, fake success/ownership/logout.","Локальный HTTP; production session transport ещё не проверен."
"T022","identity","B17","Ученику вызвать admin publish/issuer/finance API","Отказ независимо от скрытой/видимой кнопки","API/security","not_run","Learner не получает publish/issuer/finance права из UI/cookie; роли и MFA проверяет API.","passed","tests/core-auth.test.ts: 8/8, реальные Better Auth HTTP cookie, verification/reset/TOTP, limiter, RU/KK transactional outbox | tests/core-domain.test.ts: последний полный запуск 19/19 passed, включая 20 направлений, billing basis, корпоративный self-enrollment guard и canonical publicPath | tests/business-integration.test.ts; docs/BUSINESS-QA.md: последний отдельный запуск 23/23 passed, включая общий deadline CRM; изолированная libSQL и управляемый transport | tests/invoices.test.ts: 11/11, MFA/tenant/replay/immutable snapshots, 100 мест и fixed organization fee, exact allocation","Тесты изолированные, реальных privilegedaccounts не создавали."
"T023","identity","B17","Скопировать ID enrollment/attempt/order другого пользователя","403/404 без утечки данных","API/security","not_run","Чужие enrollment/attempt/order/PDF IDs отклоняются без данных.","passed","tests/core-domain.test.ts: последний полный запуск 19/19 passed, включая 20 направлений, billing basis, корпоративный self-enrollment guard и canonical publicPath | tests/core-auth.test.ts: 8/8, реальные Better Auth HTTP cookie, verification/reset/TOTP, limiter, RU/KK transactional outbox | tests/business-integration.test.ts; docs/BUSINESS-QA.md: последний отдельный запуск 23/23 passed, включая общий deadline CRM; изолированная libSQL и управляемый transport | artifacts/lms-browser/report.json: latest Node Chromium11 passed, 0 pageErrors; RU/KK360/1440, original program returnTo, offline/retry, stable exam/reload/conflict, server pass/fail, fake success/ownership/logout.","Не является полным penetration test всех последовательностей запросов."
"T024","identity","B17;B40","Org-A запросит отчёт/документ сотрудника Org-B","Отказ; tenant scope проверен сервером","API/security","not_run","Tenant membership ограничивает organization report/invoice и доступ к чужим ресурсам.","passed","tests/business-integration.test.ts; docs/BUSINESS-QA.md: последний отдельный запуск 23/23 passed, включая общий deadline CRM; изолированная libSQL и управляемый transport | tests/invoices.test.ts: 11/11, MFA/tenant/replay/immutable snapshots, 100 мест и fixed organization fee, exact allocation","Сервисный уровень; production CDN не проверен."
"T025","identity","B40","Ввести чужой БИН и попытаться присоединиться к организации","Доступ не выдаётся без подтверждённого invitation/процесса","API","not_run","Присоединения по одному БИН нет. Нужен одноразовый invitation на подтверждённый email.","passed","tests/business-integration.test.ts; docs/BUSINESS-QA.md: последний отдельный запуск 23/23 passed, включая общий deadline CRM; изолированная libSQL и управляемый transport | tests/invoices.test.ts: 11/11, MFA/tenant/replay/immutable snapshots, 100 мест и fixed organization fee, exact allocation","Юридическое лицо не проверялось по указанию владельца."
"T026","identity","B16;B17","Войти привилегированным пользователем без завершённого MFA","Критичные функции закрыты","API/e2e","not_run","Пароль без успешного TOTP текущей сессии не открывает критичные API.","passed","tests/core-auth.test.ts: 8/8, реальные Better Auth HTTP cookie, verification/reset/TOTP, limiter, RU/KK transactional outbox | artifacts/lms-browser/auth-report.json: latest Node Chromium6 passed, queued verification/reset, real TOTP/sign-in MFA, 390px без overflow/JSerrors; SMTP не отправлялся. | tests/invoices.test.ts: 11/11, MFA/tenant/replay/immutable snapshots, 100 мест и fixed organization fee, exact allocation","Проверено с настоящим тестовым TOTP. Внешние уведомления не отправлялись."
"T027","identity","B17;B40","Отозвать membership и повторить старый org request","Старые права больше не действуют","API","not_run","Отзыв membership сразу закрывает запросы организации и повторное подтверждение счёта.","passed","tests/business-integration.test.ts; docs/BUSINESS-QA.md: последний отдельный запуск 23/23 passed, включая общий deadline CRM; изолированная libSQL и управляемый transport | tests/invoices.test.ts: 11/11, MFA/tenant/replay/immutable snapshots, 100 мест и fixed organization fee, exact allocation","Проверена локальная транзакционная БД."
"T028","mock","B06;B17;B30","Изменить cookie passed/paid/issued/stage=b2b","Ни успешный итог, ни оплаченный доступ, ни документ не возникают","API/e2e","not_run","Cookie passed/paid/issued/stage не создают результат, оплату или документ.","passed","tests/core-auth.test.ts: 8/8, реальные Better Auth HTTP cookie, verification/reset/TOTP, limiter, RU/KK transactional outbox | artifacts/lms-browser/report.json: latest Node Chromium11 passed, 0 pageErrors; RU/KK360/1440, original program returnTo, offline/retry, stable exam/reload/conflict, server pass/fail, fake success/ownership/logout. | tests/business-integration.test.ts; docs/BUSINESS-QA.md: последний отдельный запуск 23/23 passed, включая общий deadline CRM; изолированная libSQL и управляемый transport","Реальный провайдер отсутствует и не имитируется как production функция."
"T029","mock","B06;B28","Проверить student/public bundle и network DTO","Нет FORCE_A, ключей защищённого question bank и чужих данных","build/contract","not_run","Все 84JS/5CSS и 1199publictext файлов каждогоиздвух artifacts проверены: AST/literals/canaries/maps; fixturekeys/academicanswers/PII/privatePDFidentities/sourcepricephrases отсутствуют; learnernetwork также проверен.","passed","docs/PUBLIC_BUNDLE_AUDIT_2026-09-07.md; artifacts/privacy/public-bundle-audit-6aa9fbb6-34a99837.json + ручная атрибуция public-agent/root: Node6aa9fbb6 и Vercel34a99837,84JS+5CSS каждый, path/SHA256 identical; все84JS AST parsed,1199 public text×2, maps/sourceMappingURL absent. Canary matches0:17fixture/cookie+19academic+39synthetic email+3PDFidentity+7exactprice phrases. correctOptionIds empty editor[]/4member accesses benign, embedded answer data absent. | artifacts/lms-browser/report.json: latest Node Chromium11 passed, 0 pageErrors; RU/KK360/1440, original program returnTo, offline/retry, stable exam/reload/conflict, server pass/fail, fake success/ownership/logout.","Benign correctOptionIds встречаетсяв lazy staffeditor как empty[]/member access, не embeddedanswers; async_hooks — contexthelper. Нет configuredrealprovidersecrets для exactcompare и hostedbundleaudit. Scope конкретные localartifacts, неуниверсальный proof."
"T030","catalog","B13;B24","Попытаться записаться на неопубликованную версию","Отказ на сервере; публичный CTA не обещает доступ","API/e2e","not_run","Запись на draft/review отклоняется сервером. Карточки без версий предлагают консультацию.","passed","tests/core-domain.test.ts: последний полный запуск 19/19 passed, включая 20 направлений, billing basis, корпоративный self-enrollment guard и canonical publicPath | tests/invoices.test.ts: 11/11, MFA/tenant/replay/immutable snapshots, 100 мест и fixed organization fee, exact allocation","Настоящие утверждённые материалы отсутствуют."
"T031","catalog","B13;B22","Выбрать любое из9 legacy направлений","Верный program mapping или честный запрос консультации; не любой industrial-safety","e2e","not_run","Все 9 legacy направлений и 3 aliases сопоставлены явно. Каталог содержит 20 направлений без fallback.","passed","tests/core-domain.test.ts: последний полный запуск 19/19 passed, включая 20 направлений, billing basis, корпоративный self-enrollment guard и canonical publicPath | shared/course-registry.ts; shared/source-products.ts; docs/CORE_SOURCE_CATALOG.md: 9 legacy+11 новых,16 услуг, цены по запросу, учебных материалов нет","Сервисные проверки пройдены. Полный UI click-through 20 направлений ещё ожидается."
"T032","learning","B25;B26","Начать новое обучение","0 реального прогресса; нет заранее завершённых обязательных уроков","API/e2e","not_run","Новое обучение начинается с нулевого прогресса и незавершённых обязательных уроков.","passed","tests/core-domain.test.ts: последний полный запуск 19/19 passed, включая 20 направлений, billing basis, корпоративный self-enrollment guard и canonical publicPath | artifacts/lms-browser/report.json: latest Node Chromium11 passed, 0 pageErrors; RU/KK360/1440, original program returnTo, offline/retry, stable exam/reload/conflict, server pass/fail, fake success/ownership/logout.","Использована synthetic программа в изолированной БД."
"T033","learning","B26","Завершить урок и продолжить на другом устройстве","Сохранился тот же подтверждённый прогресс и версия","API/e2e","not_run","Прогресс и закреплённая версия сохраняются в БД и восстанавливаются после обновления браузера.","not_run","tests/core-domain.test.ts: последний полный запуск 19/19 passed, включая 20 направлений, billing basis, корпоративный self-enrollment guard и canonical publicPath | artifacts/lms-browser/report.json: latest Node Chromium11 passed, 0 pageErrors; RU/KK360/1440, original program returnTo, offline/retry, stable exam/reload/conflict, server pass/fail, fake success/ownership/logout.","Второе устройство с независимой сессией того же учащегося отдельно не проверялось."
"T034","learning","B26","Повторить идентичный completion запрос","Одна запись/событие; процент не растёт повторно","API","not_run","Повтор завершения урока создаёт одно событие и не увеличивает процент повторно.","passed","tests/core-domain.test.ts: последний полный запуск 19/19 passed, включая 20 направлений, billing basis, корпоративный self-enrollment guard и canonical publicPath","Проверена локальная БД."
"T035","learning","B26;B31","Отключить сеть во время сохранения","UI показывает несохранённое состояние; после связи безопасный retry","e2e","not_run","Сохранение без сети показывает ошибку. После восстановления связи безопасный retry сохраняет прогресс.","passed","artifacts/lms-browser/report.json: latest Node Chromium11 passed, 0 pageErrors; RU/KK360/1440, original program returnTo, offline/retry, stable exam/reload/conflict, server pass/fail, fake success/ownership/logout.","Проверено на latest Node Chromium artifact с синтетическим учащимся."
"T036","learning","B27","Ученик заявит завершение обязательной очной практики сам","Нет зачёта без предусмотренного авторизованного подтверждения","API","not_run","Учащийся и инструктор не могут сами подтвердить собственную обязательную практику.","passed","tests/core-domain.test.ts: последний полный запуск 19/19 passed, включая 20 направлений, billing basis, корпоративный self-enrollment guard и canonical publicPath","Нужны другой уполномоченный инструктор и evidence. Настоящая очная практика не симулировалась."
"T037","learning","B24;B25","Опубликовать новую редакцию во время активного обучения","Текущее enrollment/attempt остаётся на зафиксированной версии","integration","not_run","Новая опубликованная редакция не заменяет закреплённую версию назначения или попытки.","passed","tests/core-domain.test.ts: последний полный запуск 19/19 passed, включая 20 направлений, billing basis, корпоративный self-enrollment guard и canonical publicPath","Изолированные учебные версии используются только в тестах."
"T038","exam","B29","Начать экзамен без выполненных условий","Сервер не создаёт доступную попытку","API","not_run","Невыполненные обязательные уроки и неактивный доступ блокируют создание попытки.","passed","tests/core-domain.test.ts: последний полный запуск 19/19 passed, включая 20 направлений, billing basis, корпоративный self-enrollment guard и canonical publicPath | tests/invoices.test.ts: 11/11, MFA/tenant/replay/immutable snapshots, 100 мест и fixed organization fee, exact allocation","Условия допуска настоящей программы должен утвердить автор."
"T039","exam","B28;B29","Запросить вопросы текущей попытки","Нет answerIndex/ключей/раскрывающих explanations в student payload","API/contract","not_run","DTO попытки содержит вопросы и варианты без ключей и объяснений, раскрывающих ответ.","passed","tests/core-domain.test.ts: последний полный запуск 19/19 passed, включая 20 направлений, billing basis, корпоративный self-enrollment guard и canonical publicPath | artifacts/lms-browser/report.json: latest Node Chromium11 passed, 0 pageErrors; RU/KK360/1440, original program returnTo, offline/retry, stable exam/reload/conflict, server pass/fail, fake success/ownership/logout.","Полное сканирование последнего bundle отдельно не выполнено."
"T040","exam","B29","Обновить экзамен и перейти с другого устройства","Тот же attempt, deadline и порядок; ранее сохранённые ответы восстановлены","e2e","not_run","Обновление страницы и новая вкладка сохраняют попытку, срок, порядок вопросов и ответы.","not_run","tests/core-domain.test.ts: последний полный запуск 19/19 passed, включая 20 направлений, billing basis, корпоративный self-enrollment guard и canonical publicPath | artifacts/lms-browser/report.json: latest Node Chromium11 passed, 0 pageErrors; RU/KK360/1440, original program returnTo, offline/retry, stable exam/reload/conflict, server pass/fail, fake success/ownership/logout.","Отдельное устройство с независимой сессией того же пользователя не проверялось."
"T041","exam","B29","Две вкладки изменяют один ответ с разными revision","Конфликт обработан явно; старый ответ не затирает новый молча","API/concurrency","not_run","Конкурирующие autosave revisions дают один успех и явный 409. Старый ответ не затирает новый.","passed","tests/core-domain.test.ts: последний полный запуск 19/19 passed, включая 20 направлений, billing basis, корпоративный self-enrollment guard и canonical publicPath | artifacts/lms-browser/report.json: latest Node Chromium11 passed, 0 pageErrors; RU/KK360/1440, original program returnTo, offline/retry, stable exam/reload/conflict, server pass/fail, fake success/ownership/logout.","Конкуренция в удалённой Turso не измерялась."
"T042","exam","B29;B30","Послать ответ после server deadline","Late write отклонён независимо от времени браузера","API/time-controlled","not_run","Ответ после серверного deadline отвергается независимо от часов браузера. Завершение сохраняется.","passed","tests/core-domain.test.ts: последний полный запуск 19/19 passed, включая 20 направлений, billing basis, корпоративный self-enrollment guard и canonical publicPath","Выполнен time-controlled тест на изолированной БД."
"T043","exam","B30","Дождаться нуля таймера, закрыв вкладку до этого","Попытка завершается/фиксируется по server policy без клиентского submit","integration/worker","not_run","Worker expireDueAttempts фиксирует итог без клиентского submit.","passed","tests/core-domain.test.ts: последний полный запуск 19/19 passed, включая 20 направлений, billing basis, корпоративный self-enrollment guard и canonical publicPath","Production cron ещё не проверен. Обработка выполняется ограниченной очередью, мгновенный scheduler не обещан."
"T044","exam","B30","Отправить submit одновременно дважды","Один результат/событие; повтор возвращает тот же итог","API/concurrency","not_run","Два одновременных submit создают один неизменяемый результат и одно событие.","passed","tests/core-domain.test.ts: последний полный запуск 19/19 passed, включая 20 направлений, billing basis, корпоративный self-enrollment guard и canonical publicPath","Проверена локальная транзакционная конкуренция."
"T045","exam","B30","Сменить ответы после terminal submission","Результат не меняется без отдельного разрешённого review workflow","API","not_run","После отправки ответы и результат защищены политикой сервиса и SQL trigger.","passed","tests/core-domain.test.ts: последний полный запуск 19/19 passed, включая 20 направлений, billing basis, корпоративный self-enrollment guard и canonical publicPath","Workflow ручного пересмотра экзамена отсутствует. Молчаливое изменение запрещено."
"T046","exam","B30","Ответить неверно, включая вариант A где он не верен","Нет принудительной успешной сдачи","unit/integration","not_run","Неверные ответы, включая вариант A, приводят к неуспешному результату.","passed","tests/core-domain.test.ts: последний полный запуск 19/19 passed, включая 20 направлений, billing basis, корпоративный self-enrollment guard и canonical publicPath | artifacts/lms-browser/report.json: latest Node Chromium11 passed, 0 pageErrors; RU/KK360/1440, original program returnTo, offline/retry, stable exam/reload/conflict, server pass/fail, fake success/ownership/logout.","Использован тестовый банк вопросов без настоящего учебного утверждения."
"T047","exam","B30","Исчерпать лимит пересдач или время ожидания","Правило enforce server-side; UI сообщает реальные условия","API/e2e","not_run","Лимит попыток, завершение после сдачи и пауза пересдачи проверяются на сервере.","passed","tests/core-domain.test.ts: последний полный запуск 19/19 passed, включая 20 направлений, billing basis, корпоративный self-enrollment guard и canonical publicPath | artifacts/lms-browser/report.json: latest Node Chromium11 passed, 0 pageErrors; RU/KK360/1440, original program returnTo, offline/retry, stable exam/reload/conflict, server pass/fail, fake success/ownership/logout.","Параметры настоящей программы должен утвердить автор."
"T048","commerce","B32","Подменить цену, валюту и programVersion в checkout","Сервер использует разрешённые данные/price snapshot, некорректный запрос отклонён","API","not_run","Поддельные цена, валюта и дополнительные поля отклоняются. Заказ использует опубликованный snapshot.","passed","tests/business-integration.test.ts; docs/BUSINESS-QA.md: последний отдельный запуск 23/23 passed, включая общий deadline CRM; изолированная libSQL и управляемый transport | tests/invoices.test.ts: 11/11, MFA/tenant/replay/immutable snapshots, 100 мест и fixed organization fee, exact allocation","Проверен внутренний sandbox и ручной счёт, а не официальный внешний провайдер."
"T049","commerce","B32","Повторить заказ с тем же idempotency key/тем же телом","Один order; чужой payer не переиспользует key","API/concurrency","not_run","Idempotency привязана к владельцу и телу запроса. Повтор возвращает один заказ.","passed","tests/business-integration.test.ts; docs/BUSINESS-QA.md: последний отдельный запуск 23/23 passed, включая общий deadline CRM; изолированная libSQL и управляемый transport | tests/invoices.test.ts: 11/11, MFA/tenant/replay/immutable snapshots, 100 мест и fixed organization fee, exact allocation","Настоящих списаний нет."
"T050","commerce","B32","Тот же key с другим телом","409/контрактная ошибка, не подмена заказа","API","not_run","Изменённое тело с тем же ключом возвращает 409 без замены заказа.","passed","tests/business-integration.test.ts; docs/BUSINESS-QA.md: последний отдельный запуск 23/23 passed, включая общий deadline CRM; изолированная libSQL и управляемый transport | tests/invoices.test.ts: 11/11, MFA/tenant/replay/immutable snapshots, 100 мест и fixed organization fee, exact allocation","Проверена локальная транзакция."
"T051","commerce","B33","Открыть /success?paid=true без webhook","Оплата не подтверждается","API/e2e","not_run","Checkout оставляет заказ в pending. Query и cookie не подтверждают оплату.","not_run","tests/business-integration.test.ts; docs/BUSINESS-QA.md: последний отдельный запуск 23/23 passed, включая общий deadline CRM; изолированная libSQL и управляемый transport | artifacts/lms-browser/report.json: latest Node Chromium11 passed, 0 pageErrors; RU/KK360/1440, original program returnTo, offline/retry, stable exam/reload/conflict, server pass/fail, fake success/ownership/logout.","Точный payment redirect /success?paid=true не проверен. Browser pass/fail проверки относились к экзамену."
"T052","commerce","B33","Отправить неподписанный/неавторизованный webhook","Нет изменения order/payment; событие безопасно зафиксировано","provider-contract","not_run","Неподписанный webhook отклоняется до изменения платежа или заказа.","blocked","tests/business-integration.test.ts; docs/BUSINESS-QA.md: последний отдельный запуск 23/23 passed, включая общий deadline CRM; изолированная libSQL и управляемый transport","Отдельный durable audit отклонённого события отсутствует. Контракт внешнего провайдера не проверен."
"T053","commerce","B33","Валидное событие с чужим merchant или неверной amount/currency","Не выдаётся доступ; alert/reconciliation по политике","provider-contract","not_run","Чужой merchant или сумма отклоняются, валюта ограничена KZT. Доступ не выдаётся.","blocked","tests/business-integration.test.ts; docs/BUSINESS-QA.md: последний отдельный запуск 23/23 passed, включая общий deadline CRM; изолированная libSQL и управляемый transport","External alert и reconciliation не подключены. Настоящий provider contract не проверен."
"T054","commerce","B33","Повторить один webhook100раз","Один переход и один эффект entitlement/notification","provider-contract/concurrency","not_run","100 доставок одного подписанного sandbox события создают одно назначение и уведомление.","passed","tests/business-integration.test.ts; docs/BUSINESS-QA.md: последний отдельный запуск 23/23 passed, включая общий deadline CRM; изолированная libSQL и управляемый transport","Первые две доставки одновременны, следующие 98 повторные. Это не нагрузка из 100 одновременных запросов."
"T055","commerce","B33","Доставить succeeded до старого pending","Статус не откатывается","provider-contract","not_run","Поздние pending/failed не откатывают succeeded/refunded.","passed","tests/business-integration.test.ts; docs/BUSINESS-QA.md: последний отдельный запуск 23/23 passed, включая общий deadline CRM; изолированная libSQL и управляемый transport","Проверен изолированный sandbox contract."
"T056","commerce","B34","Платёж прошёл, но webhook задержался/worker упал","Reconciliation восстанавливает статус без повторного списания","integration/worker","not_run","Durable jobs, retry и ручное подтверждение счёта сохраняют записи после сбоя.","blocked","server/services/operations.ts; docs/RUNBOOK.md: durable leased outbox, metrics/reasoned retry; внешний alert transport не реализован/не проверен | tests/invoices.test.ts: 11/11, MFA/tenant/replay/immutable snapshots, 100 мест и fixed organization fee, exact allocation","Запрос состояния платежа у провайдера и reconciliation worker отсутствуют. Потерянный webhook не восстанавливался."
"T057","commerce","B34","Оформить согласованный возврат после обучения","Финансовая история корректна; академические доказательства не стёрты","API/manual","not_run","Повтор sandbox refund идемпотентен и сохраняет академическую историю. Ручной счёт нельзя вернуть через sandbox.","passed","tests/business-integration.test.ts; docs/BUSINESS-QA.md: последний отдельный запуск 23/23 passed, включая общий deadline CRM; изолированная libSQL и управляемый transport | tests/invoices.test.ts: 11/11, MFA/tenant/replay/immutable snapshots, 100 мест и fixed organization fee, exact allocation","Настоящий возврат денег не подключён и не выполнялся."
"T058","credential","B35;B36","Оплата есть, обучения/проверки/основания нет","Документ не выпускается","API","not_run","Одна оплата или неполное обучение не разрешают выдачу документа.","passed","tests/business-integration.test.ts; docs/BUSINESS-QA.md: последний отдельный запуск 23/23 passed, включая общий deadline CRM; изолированная libSQL и управляемый transport | tests/invoices.test.ts: 11/11, MFA/tenant/replay/immutable snapshots, 100 мест и fixed organization fee, exact allocation","Настоящий утверждённый шаблон не предоставлен."
"T059","credential","B36","Одновременно вызвать approved issuance дважды","Один credential/serial; повтор не выпускает второй","API/concurrency","not_run","Одновременная выдача резервирует один credential и серийный номер.","passed","tests/business-integration.test.ts; docs/BUSINESS-QA.md: последний отдельный запуск 23/23 passed, включая общий deadline CRM; изолированная libSQL и управляемый transport","Использованы synthetic eligibility и тестовый PDF."
"T060","credential","B36","PDF job падает после резервирования номера","Retry завершает тот же документ; номер/история не теряются","integration/worker","not_run","Реальная ошибка Unicode render исправлена новым approved font template; durable job выпускает тот же serial/token. Atomic audit rollback и stale render race проверены.","passed","tests/credential-repair.test.ts: 6/6 passed, настоящий Unicode failure→repair→PDF с тем же serial/token, role/MFA/lease/template/issued guards, audit rollback и stale render race","Successful repair6/6 service и race tests; admin action реализован, но его отдельный final browser repair/issue smoke не входит в staff13."
"T061","credential","B37","Скачать чужой PDF или открыть private bucket URL","Доступ закрыт; общая публичная ссылка не обходит права","API/storage","not_run","Чужой PDF не выдаётся. Скачивание pending/revoked закрыто. Полный файл доступен через защищённый API.","passed","tests/business-integration.test.ts; docs/BUSINESS-QA.md: последний отдельный запуск 23/23 passed, включая общий deadline CRM; изолированная libSQL и управляемый transport | tests/http-security.test.ts: 3/3; streamed body limits, origin/JSON, private headers; tests/core-auth.test.ts limiter","Private bucket не используется. Production CDN и cache изоляция не проверялись."
"T062","credential","B37","Проверить QR по реальному разрешённому тестовому токену","Минимальный согласованный ответ, noindex/no-store, без ИИН/контактов","HTTP/contract","not_run","Verification DTO минимален, без имени/email. Реализованы private response headers.","not_run","tests/business-integration.test.ts; docs/BUSINESS-QA.md: последний отдельный запуск 23/23 passed, включая общий deadline CRM; изолированная libSQL и управляемый transport | tests/http-security.test.ts: 3/3; streamed body limits, origin/JSON, private headers; tests/core-auth.test.ts limiter","Полный переход QR → HTTP по выданному тестовому PDF на финальной сборке отдельно не проверялся."
"T063","credential","B37","Перебирать неверные verification tokens","Rate limiting; нет удобного перечисления записей","security/API","not_run","Непредсказуемые verification tokens и код rate limit реализованы.","not_run","server/handlers/business.ts; server/services/credentials.ts","Фактический HTTP перебор токенов с проверкой 429 ещё не проводился."
"T064","credential","B38","Отозвать/переоформить документ","Проверка отражает revoked/superseded; старый файл/история не подменены","API/e2e","not_run","Отзыв, superseded и новый серийный номер при перевыпуске проверены. История оригинала сохранена.","passed","tests/business-integration.test.ts; docs/BUSINESS-QA.md: последний отдельный запуск 23/23 passed, включая общий deadline CRM; изолированная libSQL и управляемый transport","Последний staff UI ещё не прошёл браузерную проверку."
"T065","CRM","B19;B20","Отправить заявку при недоступной amoCRM","Локально принята, есть outbox/видимый alert; не потеряна","integration","not_run","Сбой CRM не отменяет принятую заявку. Outbox и состояние в админке сохраняются.","blocked","tests/business-integration.test.ts; docs/BUSINESS-QA.md: последний отдельный запуск 23/23 passed, включая общий deadline CRM; изолированная libSQL и управляемый transport | server/services/operations.ts; docs/RUNBOOK.md: durable leased outbox, metrics/reasoned retry; внешний alert transport не реализован/не проверен","Внешний alert при сбое не подключён. Настоящая CRM в тесте не вызывалась."
"T066","CRM","B20","CRM создала lead, добавление note упало","Retry добавляет note к сохранённому external leadId, не новый lead","integration","not_run","Повтор добавления note использует сохранённый external lead ID и не создаёт новый lead.","passed","tests/business-integration.test.ts; docs/BUSINESS-QA.md: последний отдельный запуск 23/23 passed, включая общий deadline CRM; изолированная libSQL и управляемый transport","Использован управляемый тестовый транспорт. Scopes настоящего CRM аккаунта не проверялись."
"T067","CRM","B19","Повтор submit после client timeout","Та же заявка без дубля","API/concurrency","not_run","Повтор заявки с тем же ключом возвращает прежний ID без дубля.","passed","tests/business-integration.test.ts; docs/BUSINESS-QA.md: последний отдельный запуск 23/23 passed, включая общий deadline CRM; изолированная libSQL и управляемый transport","Настоящий client timeout в production не вызывался."
"T068","CRM","B20","Отправить реальное organizationName и пустой honeypot","Название компании сохранено и доставлено","API/e2e","not_run","organizationName сохраняется и передаётся в CRM payload. Пустой honeypot не блокирует заявку.","passed","tests/business-integration.test.ts; docs/BUSINESS-QA.md: последний отдельный запуск 23/23 passed, включая общий deadline CRM; изолированная libSQL и управляемый transport","Передача проверена тестовым транспортом, без настоящего CRM аккаунта."
"T069","CRM","B21","Слишком длинный/невалидный contact и fake forwarded IP","Валидация/лимит не обходятся; нет raw upstream/secret в ответе","security/API","not_run","Schema/body limits и persistent limiter защищают ввод. Поддельный XFF не меняет ключ лимита, секреты скрыты.","passed","tests/http-security.test.ts: 3/3; streamed body limits, origin/JSON, private headers; tests/core-auth.test.ts limiter | tests/core-auth.test.ts: 8/8, реальные Better Auth HTTP cookie, verification/reset/TOTP, limiter, RU/KK transactional outbox | tests/business-integration.test.ts; docs/BUSINESS-QA.md: последний отдельный запуск 23/23 passed, включая общий deadline CRM; изолированная libSQL и управляемый transport","Настоящая Vercel proxy цепочка отдельно не проверялась."
"T070","B2B","B41","Импорт файла с дублями/ошибками/формулами","Preview ошибок; нет массовых записей/уведомлений до подтверждения","integration/e2e","not_run","CSV preview отмечает дубли, формулы и ошибки до commit без массовых записей.","passed","tests/business-integration.test.ts; docs/BUSINESS-QA.md: последний отдельный запуск 23/23 passed, включая общий deadline CRM; изолированная libSQL и управляемый transport","Сервисные проверки дополнены latest staff browser CSV preview invalid/duplicate и подтверждённым commit."
"T071","B2B","B41","Повторить подтверждённый bulk assignment","Нет дублей enrollments и приглашений","API/worker","not_run","Повтор пакетного назначения или commit не размножает назначения и приглашения.","passed","tests/business-integration.test.ts; docs/BUSINESS-QA.md: последний отдельный запуск 23/23 passed, включая общий deadline CRM; изолированная libSQL и управляемый transport | tests/invoices.test.ts: 11/11, MFA/tenant/replay/immutable snapshots, 100 мест и fixed organization fee, exact allocation","Массовые внешние уведомления не отправлялись."
"T072","B2B","B42","Открыть пустую организацию","Честное пустое состояние, не demo1482/92%","e2e","not_run","Latest staff browser открыл только что созданную организацию и проверил дальнейший рабочий поток; данные из API, демонстрационные счётчики удалены.","not_run","artifacts/lms-browser/admin-report.json: latest Node Chromium13 passed, 0 JSerrors, actual MFA без diagnostic bypass; visual draft/review/publish, roles, org/invite/CSV/assignment/report, fixed-price invoice/finance, AcroForm approval. | tests/business-integration.test.ts; docs/BUSINESS-QA.md: последний отдельный запуск 23/23 passed, включая общий deadline CRM; изолированная libSQL и управляемый transport","Отдельное сравнение zero counters/empty-state текста до первого invite/assignment явно не зафиксировано."
"T073","B2B","B42","Экспортировать org report","Только разрешённые поля/сотрудники; formula injection neutralized","API/file","not_run","CSV организации ограничен membership. Spreadsheet formula injection нейтрализована.","passed","tests/business-integration.test.ts; docs/BUSINESS-QA.md: последний отдельный запуск 23/23 passed, включая общий deadline CRM; изолированная libSQL и управляемый transport","Открытие файла во внешнем spreadsheet приложении и финальный UI export ещё не проверялись."
"T074","admin","B24;B43","Редактор пытается самовольно утвердить критичную программу","Workflow/permissions/reviewer требования enforce","API","not_run","Автор не может утвердить свою версию. Смена последнего редактора не обходит независимую проверку.","passed","tests/core-domain.test.ts: последний полный запуск 19/19 passed, включая 20 направлений, billing basis, корпоративный self-enrollment guard и canonical publicPath","Настоящие материалы не публиковались."
"T075","admin","B43","Ручной retry/финансовое подтверждение/отзыв","Есть actor, reason, evidence, timestamp и ограниченное право","API/audit","not_run","Критические retry, роли, финансовое подтверждение и отзыв имеют actor, reason, timestamp и ACL/MFA.","passed","tests/core-domain.test.ts: последний полный запуск 19/19 passed, включая 20 направлений, billing basis, корпоративный self-enrollment guard и canonical publicPath | tests/business-integration.test.ts; docs/BUSINESS-QA.md: последний отдельный запуск 23/23 passed, включая общий deadline CRM; изолированная libSQL и управляемый transport | tests/invoices.test.ts: 11/11, MFA/tenant/replay/immutable snapshots, 100 мест и fixed organization fee, exact allocation","Remote audit retention/export policy не утверждена. Локальный append-only audit проверен."
"T076","privacy","B18;B48","Просмотреть analytics/log samples","Нет PII/ответов/verification token/session secrets","manual/security","not_run","Analytics reject PII/purchase/grade, секретное содержимое auth outbox не выдаётся в staff overview.","not_run","server/services/operations.ts recordAnalytics; tests/business-integration.test.ts: strict allowlist/dedupe/noPII и запрет browser purchase/grade | tests/business-integration.test.ts; docs/BUSINESS-QA.md: последний отдельный запуск 23/23 passed, включая общий deadline CRM; изолированная libSQL и управляемый transport","Все production logs и network samples последней сборки ещё не просмотрены."
"T077","privacy","B18;B44","Отозвать необязательное marketing consent","Рассылка остановлена; необходимые service notifications разделены","integration","not_run","Отзыв маркетингового согласия отменяет queued marketing. Обязательные service уведомления отделены.","passed","tests/business-integration.test.ts; docs/BUSINESS-QA.md: последний отдельный запуск 23/23 passed, включая общий deadline CRM; изолированная libSQL и управляемый transport | tests/notifications.test.ts: 2/2; dedupe, ownership, read retry, DTO без raw payload","Массовой внешней рассылки нет. Реальные массовые письма не отправлялись."
"T078","security","B21;B43","Вставить malicious HTML/SVG/file в editor/import","Не исполняется; валидация, sanitization и storage policy работают","security/e2e","not_run","Plain-text уроки, media host/type policy, CSV formula и активные PDF actions проверены.","passed","tests/core-domain.test.ts: последний полный запуск 19/19 passed, включая 20 направлений, billing basis, корпоративный self-enrollment guard и canonical publicPath | tests/business-integration.test.ts; docs/BUSINESS-QA.md: последний отдельный запуск 23/23 passed, включая общий deadline CRM; изолированная libSQL и управляемый transport | tests/invoices.test.ts: 11/11, MFA/tenant/replay/immutable snapshots, 100 мест и fixed organization fee, exact allocation","Это не полный XSS/pentest всех типов файлов в production."
"T079","quality","B49","Пройти ключевой путь клавиатурой и screen reader smoke","Фокус/названия/ошибки/диалоги доступны; критичное действие различимо","manual/a11y","not_run","Latest2 RU/KK keyboard сценария проверили names, Tab order, focus-visible3px, Enter, role alert и aria-describedby; staff13 проходит accessible locators.","not_run","artifacts/lms-browser/report.json: latest Node Chromium11 passed, 0 pageErrors; RU/KK360/1440, original program returnTo, offline/retry, stable exam/reload/conflict, server pass/fail, fake success/ownership/logout. | artifacts/lms-browser/admin-report.json: latest Node Chromium13 passed, 0 JSerrors, actual MFA без diagnostic bypass; visual draft/review/publish, roles, org/invite/CSV/assignment/report, fixed-price invoice/finance, AcroForm approval.","Screen reader smoke и весь ключевой путь только клавиатурой не выполнены; этот составной сценарий остаётся not_run."
"T080","quality","B50","Замерить public page и exam under agreed profile","Сохранены реальные baseline/after; lab не выдан за fieldINP","performance","not_run","Final измерение выполнено:12 alternating public baseline/after runs и 1 существующий terminal exam view, все 13 HTTP200; профили и исходные результаты сохранены.","passed","docs/PERFORMANCE_LOCAL_LAB_2026-09-07.md; artifacts/performance/report-6aa9fbb6.json: final13 navigation200 без JS/resource/request errors и100 GET200; p95 health76.63ms/catalog108.07ms. Terminal read-only LCP1968ms/CLS0.18 — known local quality limitation; no INP/CWV/remote-capacity claim.","Измерение passed, не CWV threshold: terminal CLS0.18 — известное локальное ограничение. Terminal result view не active exam benchmark; INP/field CWV/remote capacity не измерялись."
"T081","ops","B52","Искусственно вызвать failed outbox/issuance","Приходит ожидаемый alert владельцу, работает runbook","staging/operations","not_run","Неуспешное задание остаётся в durable queue и видно в админке. Есть retry и runbook.","blocked","server/services/operations.ts; docs/RUNBOOK.md: durable leased outbox, metrics/reasoned retry; внешний alert transport не реализован/не проверен | tests/business-integration.test.ts; docs/BUSINESS-QA.md: последний отдельный запуск 23/23 passed, включая общий deadline CRM; изолированная libSQL и управляемый transport","Alert владельцу не отправлен, канал не подключён. Staging failure injection не проведён."
"T082","ops","B53","Восстановить backup БД и документов в изоляции","Работают references/права/документы; время измерено","restore drill","not_run","Latest CLI encrypted backup/restore по read-only snapshot восстановил схему 001–005, 34 таблицы/106 строк и exact данные; tamper/FK/triggers проверены.","passed","docs/CORE_RESTORE_DRILL.json: 2026-09-07T13:32:51Z, read-only source snapshot6ms; CLI на копии backup395ms/restore424ms, 34 таблицы/106 строк, схема001–005, tamper/wrong-password/overwrite/FK/triggers passed; tests/core-backup.test.ts 5/5","Изолированная synthetic копия; операции после snapshot не входят в restore point. Production rollback и remote RTO/RPO не проверены."
"T083","ops","B53","Откатить приложение после expand migration","Старый artifact совместим/есть проверенный план; данные не разрушены","staging","not_run","Готовы additive checksum migrations и rollback runbook.","not_run","docs/CORE_RESTORE_DRILL.json: 2026-09-07T13:32:51Z, read-only source snapshot6ms; CLI на копии backup395ms/restore424ms, 34 таблицы/106 строк, схема001–005, tamper/wrong-password/overwrite/FK/triggers passed; tests/core-backup.test.ts 5/5 | docs/CORE_BACKEND.md; docs/RUNBOOK.md; docs/ARCHITECTURE-DECISIONS.md; IMPLEMENTATION_STATUS.md; docs/BACKLOG_STATUS.csv; docs/ACCEPTANCE_STATUS.csv","Фактический откат running artifact после expand migration не выполнялся."
"T084","release","B55;B56;B57","Проверить весь release checklist перед production","Каждый mandatory gate имеет evidence; blocked/not_run не считаются passed","manual acceptance","not_run","Матрицы явно различают scopes: local91/91, Linux Quality success и Ready preview подтверждены; owner production approval получен.","blocked","docs/CORE_BACKEND.md; docs/RUNBOOK.md; docs/ARCHITECTURE-DECISIONS.md; IMPLEMENTATION_STATUS.md; docs/BACKLOG_STATUS.csv; docs/ACCEPTANCE_STATUS.csv | IMPLEMENTATION_STATUS.md и последнее указание владельца: production разрешён после проверок; разрешения центра подтверждены, повторная проверка исключена | Основной исполнитель: cold Vercel build с VERCEL=1/VERCEL_ENV=preview после cleanup exit0; 550 public HTML +1 GSC, private HTML absent; 15770 asset refs, missing0, единый buildId 34a99837-1e71-4025-83a9-2414427497cf. Runtime Node24/maxDuration60, function18.1MB (gzip4.57MB). Stale cache устранён; hosted smoke ещё не выполнен. Последний Node artifact 6aa9fbb6: 550 public HTML, 15770 references, один buildId, missing0; full typecheck passed. | .env.example; docs/RUNBOOK.md: Turso/Auth/SMTP production config не подтверждены; принятие Turso integration terms ожидает владельца | GitHub Quality run34132591085/job101776022750 completed success на commit1e23fc58a68af50917f0334b037a356c28de8fc4: Linux npm ci/lint/typecheck/test/audit(high)/Node build/SEO/assets/Vercel build все success; conditional upload-artifact skipped. https://github.com/shalinivan9669/sertificate/actions/runs/34132591085 | RootCUA: Vercel8ApeFvY61QTAmTCWS3SqJ4PKzJ4m Ready1m32s;4publicpages открыты — HomePageClassic/catalog20/ISO9001RU/KK сrequestprices. /kk/cabinet показывает localizedrequesterror+retry, неfunctionalpass. /api/ready ERR_BLOCKED_BY_CLIENT, external302SSO/noindex, protectionнеобходили. ResourcesNode24/max60s/hostedsize8.69MB (другаяmetricчемlocal18.1MB). DB/SMTPunconnected. | docs/PUBLIC_BUNDLE_AUDIT_2026-09-07.md; artifacts/privacy/public-bundle-audit-6aa9fbb6-34a99837.json + ручная атрибуция public-agent/root: Node6aa9fbb6 и Vercel34a99837,84JS+5CSS каждый, path/SHA256 identical; все84JS AST parsed,1199 public text×2, maps/sourceMappingURL absent. Canary matches0:17fixture/cookie+19academic+39synthetic email+3PDFidentity+7exactprice phrases. correctOptionIds empty editor[]/4member accesses benign, embedded answer data absent. | docs/PREVIEW-NOINDEX-QA.md: isolated OT_NOINDEX=true coldVercel84765834 exit0,550 publicHTML/sitemap550,15770 assetrefs/missing0; actual noindex+robots Disallow:/;2 checker regressions passed. Полный новый local npmtest93/93 exit0,0skip; runtimeкоднеизменён. | Rootread-only publiccheck2026-09-07 14:30UTC: otcenter.kz307→www.otcenter.kz200. Толькосуществующийpublichost, noPOST/noCRM; это неpromotion новогоrelease.","Local93/93 ибандлыпроверены; remoteCI прежнего 1e23fc5passed, новый QAcommit ожидается. Main неизменён; protectedpreviewUI неполный hostedsmoke, DB/SMTP/content/provider/alerts незакрыты, CLS0.18 известен."
