"id","priority","phase","title","affected_files_or_area","depends_on","acceptance","owner","source_status","implementation","status","evidence","limitations"
"B01","P0","0","Зафиксировать актуальный HEAD и границы работы","git; repo instructions; evidence","","Recorded SHA, diff and audit drift; no destructive reset","engineering","todo","Зафиксированы HEAD, origin и незакоммиченные изменения; исходники не откатывались.","passed","IMPLEMENTATION_STATUS.md: HEAD 413ad4a34e53203f39df3946962903f51caf16a0, fetch/status и сохранение .serena; исходная сборка passed","Более новых коммитов относительно аудита не обнаружено; сценарий с другим будущим HEAD не симулировался."
"B02","P0","0","Воспроизвести установку и baseline ошибок","package.json; package-lock.json; CI","B01","Actual install/build logs; old failures separate; versions recorded","engineering","todo","Воспроизведены исходная установка/сборка и чистая установка итогового lockfile.","passed","IMPLEMENTATION_STATUS.md; package-lock.json: исходный npm ci 947 пакетов; финальный чистый npm ci 1056 пакетов passed, Node 24.16.0/npm 11.13.0 Linux GitHub Quality34132591085 npm ci success на commit1e23fc5. | IMPLEMENTATION_STATUS.md: HEAD 413ad4a34e53203f39df3946962903f51caf16a0, fetch/status и сохранение .serena; исходная сборка passed | GitHub Quality run34132591085/job101776022750 completed success на commit1e23fc58a68af50917f0334b037a356c28de8fc4: Linux npm ci/lint/typecheck/test/audit(high)/Node build/SEO/assets/Vercel build все success; conditional upload-artifact skipped. https://github.com/shalinivan9669/sertificate/actions/runs/34132591085","Чистая Windows установка и независимый Linux CI прошли. Полный hosted service smoke не подтверждён; поздние checker/doc изменения не включены в этот CI commit."
"B03","P0","0","Зафиксировать текущий дизайн","HomePageClassic; layouts; tailwind.config.js","B01;B02","Desktop/mobile/KK before screenshots; token map; approved baseline","engineering","todo","Сохранены валидные desktop/mobile/RU/KK снимки исходного HomePageClassic и дизайн-токены.","passed","artifacts/visual/design-after-6aa9fbb6/report.json; docs/VISUAL-ACCESSIBILITY-QA.md: 52 responsive pages, 8 HomePageClassic comparisons, 6 CSS zoom200, 2 keyboard/name/error checks, failures0. Screen reader not_run.","Первичные ошибочные dev-скриншоты не зачтены; окончательный after review ещё не завершён."
"B04","P0","0","Инвентаризировать HTTP и route manifest","pages; middleware; generated routes","B01;B02","Existing route/redirect/head inventory; unsupported requests not reported as404","engineering","todo","Зафиксированы исходный manifest и HTTP-контракты маршрутов, redirects и SEO.","passed","IMPLEMENTATION_STATUS.md: HEAD 413ad4a34e53203f39df3946962903f51caf16a0, fetch/status и сохранение .serena; исходная сборка passed | artifacts/seo/http-contract-all-report-6aa9fbb6.json: 2026-09-07 14:15:11 UTC --all local HTTP550 public200,10 private no-store/noindex,6 true404,sitemap550/robots; весь explicit inventory запрошен. Не hosted CDN.","Финальная проверка расширенного whitelist 550 пока отдельно ожидается."
"B05","P0","1","Разделить private SSR/prerender/cache/SEO","nuxt.config.js; route rules; sitemap","B04","No private URLs or data in build/prerender/sitemap/shared cache","engineering","todo","Private SSR no-store/noindex реализованы; cold Vercel artifact после cleanup содержит только 550 public HTML +GSC, private prerender отсутствует.","not_run","artifacts/seo/http-contract-all-report-6aa9fbb6.json: 2026-09-07 14:15:11 UTC --all local HTTP550 public200,10 private no-store/noindex,6 true404,sitemap550/robots; весь explicit inventory запрошен. Не hosted CDN. | tests/http-security.test.ts: 3/3; streamed body limits, origin/JSON, private headers; tests/core-auth.test.ts limiter | Основной исполнитель: cold Vercel build с VERCEL=1/VERCEL_ENV=preview после cleanup exit0; 550 public HTML +1 GSC, private HTML absent; 15770 asset refs, missing0, единый buildId 34a99837-1e71-4025-83a9-2414427497cf. Runtime Node24/maxDuration60, function18.1MB (gzip4.57MB). Stale cache устранён; hosted smoke ещё не выполнен. Последний Node artifact 6aa9fbb6: 550 public HTML, 15770 references, один buildId, missing0; full typecheck passed.","Build-contract пройден. Реальный hosted/shared CDN cache между пользователями отдельно не проверен."
"B06","P0","1","Исключить demo bypass из production","useRedesignRuntimeMock; build guards","B02","FORCE_A/fake_paid/demo users inaccessible in prod; test fixtures isolated","engineering","todo","Runtime mock/bypass удалены; фикстуры изолированы; результат, оплата и документ определяются сервером.","passed","tests/core-domain.test.ts: последний полный запуск 19/19 passed, включая 20 направлений, billing basis, корпоративный self-enrollment guard и canonical publicPath | tests/core-auth.test.ts: 8/8, реальные Better Auth HTTP cookie, verification/reset/TOTP, limiter, RU/KK transactional outbox | artifacts/lms-browser/report.json: latest Node Chromium11 passed, 0 pageErrors; RU/KK360/1440, original program returnTo, offline/retry, stable exam/reload/conflict, server pass/fail, fake success/ownership/logout.","Production deployment ещё не измерен; тестовые fixtures не загружаются в приложение."
"B07","P1","1","Устранить dynamic route collision","pages/[city]/[course].vue; [slug].vue","B04","Single resolver, static exceptions preserved, unknown404","engineering","todo","Единый resolver и static exceptions проверены route tests, двумя artifacts и полным --all HTTP550 public/6 true404, включая 9legacy и все 22 новые карточки.","passed","config/public-route-policy.js; route/source tests в полном npm test91/91; оба public artifacts550; final --all HTTP550/10/6/sitemap550 passed, including9legacy и22новых RU/KK карточки. | artifacts/seo/http-contract-all-report-6aa9fbb6.json: 2026-09-07 14:15:11 UTC --all local HTTP550 public200,10 private no-store/noindex,6 true404,sitemap550/robots; весь explicit inventory запрошен. Не hosted CDN.","Проверен полный explicit inventory на local Node; production routing/CDN отдельно не проверены."
"B08","P1","1","Убрать runtime fallback к чужому курсу","useRedesignFlow; useRedesignRoutes","B04","Unknown courseId404 without state mutation","engineering","todo","Неизвестные program/alias не подменяются industrial-safety и не меняют назначение.","passed","tests/core-domain.test.ts: последний полный запуск 19/19 passed, включая 20 направлений, billing basis, корпоративный self-enrollment guard и canonical publicPath | artifacts/seo/http-contract-all-report-6aa9fbb6.json: 2026-09-07 14:15:11 UTC --all local HTTP550 public200,10 private no-store/noindex,6 true404,sitemap550/robots; весь explicit inventory запрошен. Не hosted CDN.","Последние новые маршруты требуют отдельного финального HTTP smoke."
"B09","P1","1","Унифицировать бренд и developer-copy","courses; program-selection; learning components","B03","OT Center and existing tokens; no demo result counts or developer text","engineering","todo","HomePageClassic имеет 0 различий в 8 сравнениях; palette/brand сохранены, mobile header/footer изменения объяснены, staff13 workflows проверены.","passed","artifacts/lms-browser/report.json: latest Node Chromium11 passed, 0 pageErrors; RU/KK360/1440, original program returnTo, offline/retry, stable exam/reload/conflict, server pass/fail, fake success/ownership/logout. | artifacts/visual/design-after-6aa9fbb6/report.json; docs/VISUAL-ACCESSIBILITY-QA.md: 52 responsive pages, 8 HomePageClassic comparisons, 6 CSS zoom200, 2 keyboard/name/error checks, failures0. Screen reader not_run.","Новые учебные экраны и карточки намеренно содержательно отличаются от демонстрационных. Человеческий review всех учебных текстов не заявлен."
"B10","P1","1","Проверить host/canonical/head dedupe","nuxt.config; layouts; SEO","B04","One canonical, correct host/locale; no blind host migration","engineering","todo","На всех 550 публичных RU/KK SSR ответах проверены единственный canonical/title/description/H1, self/reciprocal locale и согласованный host.","passed","artifacts/seo/http-contract-all-report-6aa9fbb6.json: 2026-09-07 14:15:11 UTC --all local HTTP550 public200,10 private no-store/noindex,6 true404,sitemap550/robots; весь explicit inventory запрошен. Не hosted CDN. | config/public-route-policy.js; route/source tests в полном npm test91/91; оба public artifacts550; final --all HTTP550/10/6/sitemap550 passed, including9legacy и22новых RU/KK карточки.","Подтверждён local Node с canonical otcenter.kz; цепочки редиректов настоящего production host отдельно не проверены."
"B11","P1","1","Проверить версии SEO и настоящий robots/sitemap","package-lock; nuxt.config; sitemap script","B02;B04;B05","Installed-version options verified; valid XML; assets crawlable","engineering","todo","Закреплённые SEO версии, последний XML sitemap550, robots200/assetsAllowed и 15770 asset references без missing проверены.","passed","IMPLEMENTATION_STATUS.md; package-lock.json: исходный npm ci 947 пакетов; финальный чистый npm ci 1056 пакетов passed, Node 24.16.0/npm 11.13.0 Linux GitHub Quality34132591085 npm ci success на commit1e23fc5. | artifacts/seo/http-contract-all-report-6aa9fbb6.json: 2026-09-07 14:15:11 UTC --all local HTTP550 public200,10 private no-store/noindex,6 true404,sitemap550/robots; весь explicit inventory запрошен. Не hosted CDN. | Основной исполнитель: cold Vercel build с VERCEL=1/VERCEL_ENV=preview после cleanup exit0; 550 public HTML +1 GSC, private HTML absent; 15770 asset refs, missing0, единый buildId 34a99837-1e71-4025-83a9-2414427497cf. Runtime Node24/maxDuration60, function18.1MB (gzip4.57MB). Stale cache устранён; hosted smoke ещё не выполнен. Последний Node artifact 6aa9fbb6: 550 public HTML, 15770 references, один buildId, missing0; full typecheck passed.","Проверены local HTTP, browser resources и generated artifacts. Настоящий CDN не проверен."
"B12","P1","1","Сохранить RU/KK во всех переходах","useRedesignRoutes; middleware; layouts; i18n","B07;B08","Selection/login/learn/footer preserve locale and entity","engineering","todo","RU/KK проходят auth/learning; сообщения verification/reset сохраняют KK callback; новые карточки локализованы.","not_run","tests/core-auth.test.ts: 8/8, реальные Better Auth HTTP cookie, verification/reset/TOTP, limiter, RU/KK transactional outbox | artifacts/lms-browser/report.json: latest Node Chromium11 passed, 0 pageErrors; RU/KK360/1440, original program returnTo, offline/retry, stable exam/reload/conflict, server pass/fail, fake success/ownership/logout. | artifacts/lms-browser/auth-report.json: latest Node Chromium6 passed, queued verification/reset, real TOTP/sign-in MFA, 390px без overflow/JSerrors; SMTP не отправлялся. | shared/course-registry.ts; shared/source-products.ts; docs/CORE_SOURCE_CATALOG.md: 9 legacy+11 новых,16 услуг, цены по запросу, учебных материалов нет","Latest RU/KK/auth/learning и contact2 локали проверены; единый полный KK selection→auth→learn→footer с city и human KK review отдельно не выполнен."
"B13","P0","2","Создать единый реестр direction/program/version","config; content; server catalog; admin","B07;B08","Nine legacy slugs mapped explicitly; no invented approved program","engineering","todo","Единый реестр содержит 9 legacy+11 новых направлений; program versions отделены от исходной услуги.","passed","tests/core-domain.test.ts: последний полный запуск 19/19 passed, включая 20 направлений, billing basis, корпоративный self-enrollment guard и canonical publicPath | shared/course-registry.ts; shared/source-products.ts; docs/CORE_SOURCE_CATALOG.md: 9 legacy+11 новых,16 услуг, цены по запросу, учебных материалов нет","Ни PDF, ни маркетинговые названия не превращены в утверждённый учебный курс."
"B14","P0","2","Зафиксировать архитектурные ADR и модель оплаты","docs/adr; provider contracts","B01","Payment timing, issuer, DB and host decisions explicit; unknowns blocked","engineering","todo","ADR фиксируют Vercel+remote libSQL, модель реального обучения, disabled payments и ручные счета.","passed","docs/CORE_BACKEND.md; docs/RUNBOOK.md; docs/ARCHITECTURE-DECISIONS.md; IMPLEMENTATION_STATUS.md; docs/BACKLOG_STATUS.csv; docs/ACCEPTANCE_STATUS.csv | tests/invoices.test.ts: 11/11, MFA/tenant/replay/immutable snapshots, 100 мест и fixed organization fee, exact allocation","Реальный платёжный провайдер и production secrets отсутствуют; они отмечены явно."
"B15","P0","2","Поднять БД и безопасные миграции","server/db; migrations; env.example","B02;B14","Test DB migrate/rollback strategy; unique constraints; no production data deletion","engineering","todo","Async libSQL, checksum migrations 001–005, constraints, транзакции и изолированный restore работают.","blocked","tests/core-domain.test.ts: последний полный запуск 19/19 passed, включая 20 направлений, billing basis, корпоративный self-enrollment guard и canonical publicPath | tests/invoices.test.ts: 11/11, MFA/tenant/replay/immutable snapshots, 100 мест и fixed organization fee, exact allocation | docs/CORE_RESTORE_DRILL.json: 2026-09-07T13:32:51Z, read-only source snapshot6ms; CLI на копии backup395ms/restore424ms, 34 таблицы/106 строк, схема001–005, tamper/wrong-password/overwrite/FK/triggers passed; tests/core-backup.test.ts 5/5 | tests/database-safety.test.ts: 2/2 passed на actual local libSQL; fresh-default FK ON/OFF fail-closed и rollback negative probe. scripts/db-readiness.ts remote probe not_run","Production remote DB ещё не подключена. Installation terms ожидают владельца; реальный fresh-client FK negative probe, latency и restore не выполнены."
"B16","P0","2","Реализовать идентичность и серверные сессии","server/auth; auth pages","B15","Verified channel/recovery/expiry/logout; cookie opaque and HttpOnly","engineering","todo","Better Auth verified-email sessions, reset/revocation, HttpOnly cookie, TOTP и очередь писем реализованы.","blocked","tests/core-auth.test.ts: 8/8, реальные Better Auth HTTP cookie, verification/reset/TOTP, limiter, RU/KK transactional outbox | artifacts/lms-browser/auth-report.json: latest Node Chromium6 passed, queued verification/reset, real TOTP/sign-in MFA, 390px без overflow/JSerrors; SMTP не отправлялся.","Для действующей регистрации production требуются постоянная БД и SMTP; реальная доставка не подтверждена."
"B17","P0","2","Реализовать роли и object/tenant authorization","server policy; all protected APIs","B16","Negative access tests on every resource; MFA for privileged roles","engineering","todo","Object/tenant ACL и MFA защищают критические действия; отрицательные сценарии проверены сервисами и HTTP.","passed","tests/core-domain.test.ts: последний полный запуск 19/19 passed, включая 20 направлений, billing basis, корпоративный self-enrollment guard и canonical publicPath | tests/core-auth.test.ts: 8/8, реальные Better Auth HTTP cookie, verification/reset/TOTP, limiter, RU/KK transactional outbox | tests/business-integration.test.ts; docs/BUSINESS-QA.md: последний отдельный запуск 23/23 passed, включая общий deadline CRM; изолированная libSQL и управляемый transport | tests/invoices.test.ts: 11/11, MFA/tenant/replay/immutable snapshots, 100 мест и fixed organization fee, exact allocation","Доказательство относится к изолированной среде; hosted CDN/security review отдельно."
"B18","P0","2","Согласовать privacy и данные/локации","consent; retention; hosting; legal copy","B14","Confirmed operator, processing/transfer map, storage region and consent policy","owner+legal+IT","todo","Consent controls и данные сервисов описаны; optional marketing отделён от обязательных уведомлений.","blocked","tests/business-integration.test.ts; docs/BUSINESS-QA.md: последний отдельный запуск 23/23 passed, включая общий deadline CRM; изолированная libSQL и управляемый transport | docs/CORE_BACKEND.md; docs/RUNBOOK.md; docs/ARCHITECTURE-DECISIONS.md; IMPLEMENTATION_STATUS.md; docs/BACKLOG_STATUS.csv; docs/ACCEPTANCE_STATUS.csv | IMPLEMENTATION_STATUS.md и последнее указание владельца: production разрешён после проверок; разрешения центра подтверждены, повторная проверка исключена","Регион/оператор внешней БД и срок хранения данных ещё не подтверждены; юридическое лицо/разрешения не перепроверяются."
"B19","P0","2","Сохранить заявки локально и поставить outbox","amo-lead.post.ts; LeadService; worker","B15","Accepted submission survives CRM outage; duplicate clicks return same ID","engineering","todo","Заявка и outbox сохраняются одной транзакцией, повтор возвращает прежнюю запись.","passed","tests/business-integration.test.ts; docs/BUSINESS-QA.md: последний отдельный запуск 23/23 passed, включая общий deadline CRM; изолированная libSQL и управляемый transport | IMPLEMENTATION_STATUS.md: latest contact browser2 locales passed at360px, labels/consent/validation, network failure/retry same key и localized accepted; ответы перехвачены, настоящая заявка не отправлялась.","Настоящая amoCRM в интеграционном тесте не вызывалась."
"B20","P1","2","Сохранить совместимость amoCRM и B2B-полей","amo-lead adapter; forms; CRM worker","B19","company honeypot not organizationName; note retry never duplicates lead","engineering","todo","organizationName отделено от honeypot; persisted external ID и correlation marker защищают retry note.","passed","tests/business-integration.test.ts; docs/BUSINESS-QA.md: последний отдельный запуск 23/23 passed, включая общий deadline CRM; изолированная libSQL и управляемый transport","API настоящего аккаунта CRM и scopes credential не проверялись; транспорт тестовый."
"B21","P1","2","Защитить формы и входные данные","validation; limiter; proxy policy","B16;B19","Schema/body limits, trusted proxies, bounded shared limiter, safe errors","engineering","todo","Strict schemas, streamed body limits, безопасные ошибки, auth/lead limiter и доверенный proxy policy реализованы.","passed","tests/http-security.test.ts: 3/3; streamed body limits, origin/JSON, private headers; tests/core-auth.test.ts limiter | tests/core-auth.test.ts: 8/8, реальные Better Auth HTTP cookie, verification/reset/TOTP, limiter, RU/KK transactional outbox | tests/business-integration.test.ts; docs/BUSINESS-QA.md: последний отдельный запуск 23/23 passed, включая общий deadline CRM; изолированная libSQL и управляемый transport","Нагрузочное злоупотребление всеми LMS write endpoints и penetration test не выполнялись."
"B22","P1","2","Создать понятную публичную карточку программы","CoursePage; catalog; selection","B09;B12;B13","Audience/content/format/price/document/support visible; legacy links retained","engineering","todo","20 карточек и 16 исходных предложений с аудиторией/ориентацией, сохранёнными ссылками и ценой по запросу проверены latest visual/browser; реальные published test версии отображают server metadata.","passed","shared/course-registry.ts; shared/source-products.ts; docs/CORE_SOURCE_CATALOG.md: 9 legacy+11 новых,16 услуг, цены по запросу, учебных материалов нет | artifacts/visual/design-after-6aa9fbb6/report.json; docs/VISUAL-ACCESSIBILITY-QA.md: 52 responsive pages, 8 HomePageClassic comparisons, 6 CSS zoom200, 2 keyboard/name/error checks, failures0. Screen reader not_run. | artifacts/lms-browser/report.json: latest Node Chromium11 passed, 0 pageErrors; RU/KK360/1440, original program returnTo, offline/retry, stable exam/reload/conflict, server pass/fail, fake success/ownership/logout. | artifacts/lms-browser/admin-report.json: latest Node Chromium13 passed, 0 JSerrors, actual MFA без diagnostic bypass; visual draft/review/publish, roles, org/invite/CSV/assignment/report, fixed-price invoice/finance, AcroForm approval.","PDF не содержит syllabus/часов/уроков. Их отсутствие честно показано; тестовая учебная версия существует только в isolated fixture."
"B23","P1","2","Сделать подбор и продолжение контекста","program-selection; query schemas; auth returnTo","B12;B13;B16","Rules explain choice; cannot inject external returnTo or wrong course","engineering","todo","Подбор, explainable consultation, program returnTo и запрет внешних redirects реализованы.","not_run","tests/core-domain.test.ts: последний полный запуск 19/19 passed, включая 20 направлений, billing basis, корпоративный self-enrollment guard и canonical publicPath | artifacts/lms-browser/report.json: latest Node Chromium11 passed, 0 pageErrors; RU/KK360/1440, original program returnTo, offline/retry, stable exam/reload/conflict, server pass/fail, fake success/ownership/logout. | shared/course-registry.ts; shared/source-products.ts; docs/CORE_SOURCE_CATALOG.md: 9 legacy+11 новых,16 услуг, цены по запросу, учебных материалов нет","Полная повторная проверка расширенного подбора 20 направлений ещё не запущена."
"B24","P0","3","Редактор версий и утверждение материалов","admin/content; ProgramVersion services","B13;B15;B17","Draft cannot enroll; publication has reviewer/source record","engineering+methodist","todo","Draft/review/independent publish, source record и immutable version enforce на сервере; есть readonly authoring guide.","passed","tests/core-domain.test.ts: последний полный запуск 19/19 passed, включая 20 направлений, billing basis, корпоративный self-enrollment guard и canonical publicPath | server/services/catalog.ts; docs/CORE_SOURCE_CATALOG.md: actual material/editor workflow реализован; supplied PDF содержит только16услуг без лекций/часов/вопросов","Материалы для настоящей публикации должен предоставить автор; synthetic content остаётся только в тестах."
"B25","P0","3","Создать серверные назначения и кабинет","enrollment APIs; cabinet; route adapters","B16;B17;B24","Only real own assignments; home cannot reset enrollment","engineering","todo","Собственные назначения/кабинет основаны на DB и pinned version; главная не сбрасывает состояние.","passed","tests/core-domain.test.ts: последний полный запуск 19/19 passed, включая 20 направлений, billing basis, корпоративный self-enrollment guard и canonical publicPath | artifacts/lms-browser/report.json: latest Node Chromium11 passed, 0 pageErrors; RU/KK360/1440, original program returnTo, offline/retry, stable exam/reload/conflict, server pass/fail, fake success/ownership/logout.","Production auth/storage ещё не подключены."
"B26","P0","3","Реализовать уроки и durable progress","learn pages; LessonProgress API","B25","Resume across devices; no preset45%; required evidence enforced","engineering","todo","Durable progress, completion idempotency, optimistic revision и восстановление после offline проверены.","passed","tests/core-domain.test.ts: последний полный запуск 19/19 passed, включая 20 направлений, billing basis, корпоративный self-enrollment guard и canonical publicPath | artifacts/lms-browser/report.json: latest Node Chromium11 passed, 0 pageErrors; RU/KK360/1440, original program returnTo, offline/retry, stable exam/reload/conflict, server pass/fail, fake success/ownership/logout.","Отдельный физический второй девайс не использовался; серверная сохранность и browser reload проверены."
"B27","P1","3","Поддержать практику и accessible materials","lesson renderer; instructor confirmation","B24;B26","Practice completion authorized; transcripts/keyboard/alt; no timer-as-competence","engineering","todo","Практику подтверждает другой instructor с evidence; alt/transcript/media host policy реализованы.","not_run","tests/core-domain.test.ts: последний полный запуск 19/19 passed, включая 20 направлений, billing basis, корпоративный self-enrollment guard и canonical publicPath","Полный keyboard/screen-reader smoke реальных материалов не выполнен; реальные материалы отсутствуют."
"B28","P0","3","Ввести server-only question bank","assessment repository; authoring policy","B17;B24","Keys never in student/public DTO or bundle; reviewed versioned questions","engineering","todo","Question bank хранится в immutable version на сервере; student DTO не содержит правильных ответов.","passed","tests/core-domain.test.ts: последний полный запуск 19/19 passed, включая 20 направлений, billing basis, корпоративный self-enrollment guard и canonical publicPath | artifacts/lms-browser/report.json: latest Node Chromium11 passed, 0 pageErrors; RU/KK360/1440, original program returnTo, offline/retry, stable exam/reload/conflict, server pass/fail, fake success/ownership/logout.","Новый public bundle 550 ещё не проверен повторно; утверждённого настоящего банка нет."
"B29","P0","3","Реализовать серверную попытку и autosave","AttemptService; exam.vue","B25;B26;B28","Fixed form, server deadline, revision conflicts, refresh persistence","engineering","todo","Сохраняются fixed form/deadline, answers/revision, refresh и конфликт двух вкладок.","passed","tests/core-domain.test.ts: последний полный запуск 19/19 passed, включая 20 направлений, billing basis, корпоративный self-enrollment guard и canonical publicPath | artifacts/lms-browser/report.json: latest Node Chromium11 passed, 0 pageErrors; RU/KK360/1440, original program returnTo, offline/retry, stable exam/reload/conflict, server pass/fail, fake success/ownership/logout.","Измерение удалённой БД и большой конкурентной нагрузки не выполнялось."
"B30","P0","3","Обеспечить atomic grading и пересдачу","assessment submit; jobs; result pages","B29","One immutable result; late answers rejected; retry policy approved","engineering","todo","Atomic terminal grading, deadline rejection, worker expiry, лимит/пауза пересдач реализованы.","passed","tests/core-domain.test.ts: последний полный запуск 19/19 passed, включая 20 направлений, billing basis, корпоративный self-enrollment guard и canonical publicPath | artifacts/lms-browser/report.json: latest Node Chromium11 passed, 0 pageErrors; RU/KK360/1440, original program returnTo, offline/retry, stable exam/reload/conflict, server pass/fail, fake success/ownership/logout.","Параметры реальных программ не утверждены; production scheduler не проверен."
"B31","P1","3","Подключить честные статусы и поддержку","learning/result/cabinet UI","B26;B30","Saved/error/offline/result states map to server; no false success","engineering","todo","Saved/error/offline/result состояния используют сервер; retry и ложный success проверены Chromium.","passed","artifacts/lms-browser/report.json: latest Node Chromium11 passed, 0 pageErrors; RU/KK360/1440, original program returnTo, offline/retry, stable exam/reload/conflict, server pass/fail, fake success/ownership/logout. | tests/core-domain.test.ts: последний полный запуск 19/19 passed, включая 20 направлений, billing basis, корпоративный self-enrollment guard и canonical publicPath","Latest learner11 проверил offline/retry и server outcome; это local synthetic browser evidence."
"B32","P0","4","Реализовать заказы и snapshots цен","OrderService; checkout; DB constraints","B14;B15;B17;B24","Server price KZT minor units; repeated command same order","engineering","todo","Заказы используют серверную KZT цену/snapshot, owner scope и idempotency; корпоративный fee идёт через invoice.","passed","tests/business-integration.test.ts; docs/BUSINESS-QA.md: последний отдельный запуск 23/23 passed, включая общий deadline CRM; изолированная libSQL и управляемый transport | tests/invoices.test.ts: 11/11, MFA/tenant/replay/immutable snapshots, 100 мест и fixed organization fee, exact allocation","Реальная цена по запросу не конвертируется в order автоматически."
"B33","P0","4","Реализовать провайдер и webhook sandbox","PaymentAdapter; webhooks; provider docs","B32","Verified event, merchant/order/amount/currency; replay and races tested","engineering","todo","Изолированный HMAC sandbox проверяет подпись,merchant,amount,currency,replay 100 и race.","blocked","tests/business-integration.test.ts; docs/BUSINESS-QA.md: последний отдельный запуск 23/23 passed, включая общий deadline CRM; изолированная libSQL и управляемый transport","Нет интеграции официального sandbox выбранного внешнего провайдера и настоящего checkout URL; реальные деньги отключены."
"B34","P0","4","Ввести reconciliation/возвраты/счета","payment worker; finance admin","B33","Pending reconciles; no double charge; refunds preserve academic history","engineering","todo","Ручные корпоративные счета и sandbox refund реализованы; история обучения сохраняется.","blocked","tests/invoices.test.ts: 11/11, MFA/tenant/replay/immutable snapshots, 100 мест и fixed organization fee, exact allocation | tests/business-integration.test.ts; docs/BUSINESS-QA.md: последний отдельный запуск 23/23 passed, включая общий deadline CRM; изолированная libSQL и управляемый transport","Provider reconciliation/query состояния платежа и настоящий refund adapter отсутствуют."
"B35","P0","4","Утвердить issuer и программу выдачи","legal evidence; program policy; templates","B14;B18;B24","Real permissions, document type, signature/reviewer rules confirmed","owner+methodist+legal","todo","Владелец подтвердил разрешения; поддержаны upload/independent approval конкретного PDF-шаблона и eligibility.","blocked","IMPLEMENTATION_STATUS.md и последнее указание владельца: production разрешён после проверок; разрешения центра подтверждены, повторная проверка исключена | tests/business-integration.test.ts; docs/BUSINESS-QA.md: последний отдельный запуск 23/23 passed, включая общий deadline CRM; изолированная libSQL и управляемый transport | server/services/catalog.ts; docs/CORE_SOURCE_CATALOG.md: actual material/editor workflow реализован; supplied PDF содержит только16услуг без лекций/часов/вопросов","Не предоставлены утверждённый шаблон/подпись/шрифт и образовательная программа; повторная проверка юридических разрешений исключена."
"B36","P0","4","Реализовать eligibility и выдачу документа","CredentialService; issuance outbox","B30;B34;B35","Payment alone cannot issue; unique serial; failed job retry same credential","engineering","todo","Eligibility, уникальный credential/serial и durable PDF job работают. Failed pending можно reasoned rebind к новому approved шаблону без изменения номера/академических данных.","passed","tests/business-integration.test.ts; docs/BUSINESS-QA.md: последний отдельный запуск 23/23 passed, включая общий deadline CRM; изолированная libSQL и управляемый transport | tests/invoices.test.ts: 11/11, MFA/tenant/replay/immutable snapshots, 100 мест и fixed organization fee, exact allocation | tests/credential-repair.test.ts: 6/6 passed, настоящий Unicode failure→repair→PDF с тем же serial/token, role/MFA/lease/template/issued guards, audit rollback и stale render race","Реальный тестовый PDF и successful Unicode retry проверены только с synthetic данными. Настоящие утверждённые материалы/шаблоны не предоставлены."
"B37","P0","4","Защитить файлы и QR-проверку","private storage; downloads; verify","B17;B18;B36","Authorized full download; opaque lookup minimal/noindex/rate-limited","engineering","todo","Owner-only download и opaque minimal verification без PII, no-store/noindex и limiter реализованы.","not_run","tests/business-integration.test.ts; docs/BUSINESS-QA.md: последний отдельный запуск 23/23 passed, включая общий deadline CRM; изолированная libSQL и управляемый transport | tests/http-security.test.ts: 3/3; streamed body limits, origin/JSON, private headers; tests/core-auth.test.ts limiter","HTTP перебор verification tokens и настоящая CDN/storage изоляция не проверены."
"B38","P0","4","Реализовать отзыв и переоформление","credential admin; audit; verify","B36;B37","Revoked/superseded status correct; no silent overwrite of history","engineering","todo","Отзыв блокирует download/render; перевыпуск меняет serial и помечает старый superseded.","passed","tests/business-integration.test.ts; docs/BUSINESS-QA.md: последний отдельный запуск 23/23 passed, включая общий deadline CRM; изолированная libSQL и управляемый transport","Сервисный тест на synthetic PDF; конечная staff UI проверка ожидается."
"B39","P1","5","Разделить B2B marketing и workspace","b2b.vue; cabinet/organization","B09;B17","Public service offer; authenticated real data only in workspace","engineering","todo","Public B2B offer отделён от authenticated workspace. Latest staff browser проверил создание org, invite/CSV/assignment/report и реальные scoped данные.","passed","artifacts/lms-browser/admin-report.json: latest Node Chromium13 passed, 0 JSerrors, actual MFA без diagnostic bypass; visual draft/review/publish, roles, org/invite/CSV/assignment/report, fixed-price invoice/finance, AcroForm approval. | shared/course-registry.ts; shared/source-products.ts; docs/CORE_SOURCE_CATALOG.md: 9 legacy+11 новых,16 услуг, цены по запросу, учебных материалов нет","Синтетическая организация. Отдельный assert всех счётчиков полностью пустой организации ещё не выполнен."
"B40","P0","5","Организации и приглашения","Organization/Membership API; invites","B17;B18;B39","Single-use invite; no BIN-only join; strict cross-org denial","engineering","todo","Verified-email invitation, одноразовое принятие и active membership защищают tenant access.","passed","tests/business-integration.test.ts; docs/BUSINESS-QA.md: последний отдельный запуск 23/23 passed, включая общий deadline CRM; изолированная libSQL и управляемый transport | tests/invoices.test.ts: 11/11, MFA/tenant/replay/immutable snapshots, 100 мест и fixed organization fee, exact allocation","Внешняя рассылка приглашений не выполняется; ссылки передаёт уполномоченный менеджер."
"B41","P1","5","Импорт и пакетное назначение","B2B import job; assignments","B24;B25;B40","Preview, row errors, dedupe, limit, no notifications before commit","engineering","todo","CSV preview/ошибки/commit, ограничения и атомарное dedupe назначения реализованы.","passed","tests/business-integration.test.ts; docs/BUSINESS-QA.md: последний отдельный запуск 23/23 passed, включая общий deadline CRM; изолированная libSQL и управляемый transport | artifacts/lms-browser/admin-report.json: latest Node Chromium13 passed, 0 JSerrors, actual MFA без diagnostic bypass; visual draft/review/publish, roles, org/invite/CSV/assignment/report, fixed-price invoice/finance, AcroForm approval.","Latest staff13 browser подтвердил preview invalid/duplicate rows и commit; до подтверждения нет массовой записи/уведомлений. Реальные массовые уведомления не отправлялись."
"B42","P1","5","Реальные B2B-отчёты и документы","org reports; exports; finance","B34;B37;B41","Correct denominators/statuses; org scoped, export injection protected","engineering","todo","Latest staff browser скачал scoped progress report, проверил printable private invoice и finance confirmation; сервисы проверяют denominators и CSV injection.","passed","tests/business-integration.test.ts; docs/BUSINESS-QA.md: последний отдельный запуск 23/23 passed, включая общий deadline CRM; изолированная libSQL и управляемый transport | tests/invoices.test.ts: 11/11, MFA/tenant/replay/immutable snapshots, 100 мест и fixed organization fee, exact allocation | artifacts/lms-browser/admin-report.json: latest Node Chromium13 passed, 0 JSerrors, actual MFA без diagnostic bypass; visual draft/review/publish, roles, org/invite/CSV/assignment/report, fixed-price invoice/finance, AcroForm approval.","Настоящие деньги/банковские документы не создавались. Использован синтетический invoice issuer и локальный downloadable HTML."
"B43","P1","5","Полная админка и операционные очереди","admin content/orders/credentials/CRM","B20;B24;B34;B38;B42","Manager can operate without code; least privilege; audited critical actions","engineering","todo","Staff13 проверил actual MFA/least privilege, visual authoring/independent publish, org/CSV/report, finance invoice и PDF template approval без diagnostic bypass.","not_run","tests/core-domain.test.ts: последний полный запуск 19/19 passed, включая 20 направлений, billing basis, корпоративный self-enrollment guard и canonical publicPath | tests/business-integration.test.ts; docs/BUSINESS-QA.md: последний отдельный запуск 23/23 passed, включая общий deadline CRM; изолированная libSQL и управляемый transport | tests/invoices.test.ts: 11/11, MFA/tenant/replay/immutable snapshots, 100 мест и fixed organization fee, exact allocation | artifacts/lms-browser/admin-report.json: latest Node Chromium13 passed, 0 JSerrors, actual MFA без diagnostic bypass; visual draft/review/publish, roles, org/invite/CSV/assignment/report, fixed-price invoice/finance, AcroForm approval.","Не все UI действия issuer/operations/role management прошли полный manager-only pilot; service negative/race coverage остаётся отдельным evidence."
"B44","P1","5","Уведомления и продление подготовки","notification worker; consent; scheduling","B25;B30;B36;B40","Correct language/time/purpose, dedup, consent; no invented validity period","engineering","todo","Внутренний inbox, dedupe/read, service-vs-marketing consent и RU/KK auth mail реализованы.","blocked","tests/notifications.test.ts: 2/2; dedupe, ownership, read retry, DTO без raw payload | tests/core-auth.test.ts: 8/8, реальные Better Auth HTTP cookie, verification/reset/TOTP, limiter, RU/KK transactional outbox | tests/business-integration.test.ts; docs/BUSINESS-QA.md: последний отдельный запуск 23/23 passed, включая общий deadline CRM; изолированная libSQL и управляемый transport","Renewal scheduler и утверждённые интервалы продления отсутствуют; external mail не подключён."
"B45","P1","6","Улучшить национальный и городской контент","content/cities; content/courses; templates","B13;B22;B35","No developer copy/keyword lists; no invented branch; SME reviewed","engineering","todo","Национальный/городской контент очищен от developer-copy; добавлены фактические описания 16 услуг.","blocked","shared/course-registry.ts; shared/source-products.ts; docs/CORE_SOURCE_CATALOG.md: 9 legacy+11 новых,16 услуг, цены по запросу, учебных материалов нет | tests/business-integration.test.ts; docs/BUSINESS-QA.md: последний отдельный запуск 23/23 passed, включая общий deadline CRM; изолированная libSQL и управляемый transport","Человеческий SME review текста и реальных программ не проводился; фиктивные филиалы не создавались."
"B46","P1","6","Ввести truthful schema и authority pages","JSON-LD; licenses; author pages","B10;B35;B45","Visible facts only; no fake ratings/LocalBusiness/blanket license","engineering","todo","Schema ограничена видимыми сведениями; fake ratings/LocalBusiness удалены, сохранены существующие authority страницы.","blocked","artifacts/seo/http-contract-all-report-6aa9fbb6.json: 2026-09-07 14:15:11 UTC --all local HTTP550 public200,10 private no-store/noindex,6 true404,sitemap550/robots; весь explicit inventory запрошен. Не hosted CDN. | shared/course-registry.ts; shared/source-products.ts; docs/CORE_SOURCE_CATALOG.md: 9 legacy+11 новых,16 услуг, цены по запросу, учебных материалов нет","Финальная 550 SSR/schema проверка и утверждение реальных author/issuer claims ещё отсутствуют."
"B47","P1","6","Проверить локализацию человеком","i18n; admin content; notifications","B12;B27;B44;B45","RU/KK critical path and legal/learning copy approved","engineering+KK editor+methodist","todo","Критический UI и auth email имеют RU/KK; технические locale flows проверены.","blocked","tests/core-auth.test.ts: 8/8, реальные Better Auth HTTP cookie, verification/reset/TOTP, limiter, RU/KK transactional outbox | artifacts/lms-browser/report.json: latest Node Chromium11 passed, 0 pageErrors; RU/KK360/1440, original program returnTo, offline/retry, stable exam/reload/conflict, server pass/fail, fake success/ownership/logout. | artifacts/lms-browser/auth-report.json: latest Node Chromium6 passed, queued verification/reset, real TOTP/sign-in MFA, 390px без overflow/JSerrors; SMTP не отправлялся.","Носитель казахского языка и методист не проводили приёмку текста; наличие переводов не выдано за human review."
"B48","P1","6","Настроить аналитику с server truth","events; analytics adapter; CRM attribution","B18;B20;B30;B33;B36","Dedup events, no PII, client success not purchase/grade","engineering","todo","Клиентские analytics имеют strict allowlist/dedupe/noPII; purchase/grade клиентом запрещены.","passed","server/services/operations.ts recordAnalytics; tests/business-integration.test.ts: strict allowlist/dedupe/noPII и запрет browser purchase/grade","Реальный внешний analytics account и production attribution funnels не проверены."
"B49","P1","6","Проверить и улучшить мобильную доступность","all key UI; a11y tests","B03;B22;B31;B37;B42;B47","360px/keyboard/200%zoom; no blocked CTA; manual checks documented","engineering","todo","Latest52 responsive pages без overflow,6 CSS zoom200 и 2 keyboard/name/error сценария RU/KK прошли; снимки и ручной просмотр описаны.","passed","artifacts/lms-browser/report.json: latest Node Chromium11 passed, 0 pageErrors; RU/KK360/1440, original program returnTo, offline/retry, stable exam/reload/conflict, server pass/fail, fake success/ownership/logout. | artifacts/visual/design-after-6aa9fbb6/report.json; docs/VISUAL-ACCESSIBILITY-QA.md: 52 responsive pages, 8 HomePageClassic comparisons, 6 CSS zoom200, 2 keyboard/name/error checks, failures0. Screen reader not_run. | artifacts/lms-browser/admin-report.json: latest Node Chromium13 passed, 0 JSerrors, actual MFA без diagnostic bypass; visual draft/review/publish, roles, org/invite/CSV/assignment/report, fixed-price invoice/finance, AcroForm approval.","200% выполнены явно CSS zoom. Полный native browser/system zoom, screen reader и WCAG audit не заявлены."
"B50","P1","6","Измерить performance и разделить bundles","Nuxt build; route assets; images","B02;B26;B28;B49","Measured baseline/after; public bundle no question bank/admin; CWV targets tracked","engineering","todo","Полный локальный publicbundleaudit обоих artifacts и finalpublic/terminalperformance выполнены; rawprivatecanaries/embeddedanswerdata не найдены, результаты/JSbytes/CWVlimitation записаны.","passed","docs/PUBLIC_BUNDLE_AUDIT_2026-09-07.md; artifacts/privacy/public-bundle-audit-6aa9fbb6-34a99837.json + ручная атрибуция public-agent/root: Node6aa9fbb6 и Vercel34a99837,84JS+5CSS каждый, path/SHA256 identical; все84JS AST parsed,1199 public text×2, maps/sourceMappingURL absent. Canary matches0:17fixture/cookie+19academic+39synthetic email+3PDFidentity+7exactprice phrases. correctOptionIds empty editor[]/4member accesses benign, embedded answer data absent. | docs/PERFORMANCE_LOCAL_LAB_2026-09-07.md; artifacts/performance/report-6aa9fbb6.json: final13 navigation200 без JS/resource/request errors и100 GET200; p95 health76.63ms/catalog108.07ms. Terminal read-only LCP1968ms/CLS0.18 — known local quality limitation; no INP/CWV/remote-capacity claim.","Проверены конкретные localartifacts1e23fc5. Benign lazy staffeditor UI содержит fieldnames, неключи; authorizationserver-side. Нет realprovidersecret exactcomparison/hostedbundleaudit; terminalCLS0.18 — limitation, не passedCWV/INP/remotecapacity."
"B51","P0","6","Закрыть все приёмочные и негативные сценарии","unit/API/E2E/visual/SEO suites","B05;B17;B20;B30;B34;B38;B42;B46;B49","Critical tests executed with evidence; no skipped tests labeled passed","engineering","todo","Полный 91/91 без skip, lint/typecheck/builds, browser suites, visual, полный HTTP550/10/6 и final local performance с фактическими ограничениями записаны.","not_run","Последний local npmtest93/93 passed,0skip (добавлены2SEO checker regression); предыдущий local91/91 27.7s + lint/typecheck/build/browser/visual/HTTP/perf evidence. Remote Quality34132591085 success относится к1e23fc5/предыдущемунабору91, не кновымchecker/docs changes. Новый QAcommit/CI ещё ожидается. | Основной исполнитель: cold Vercel build с VERCEL=1/VERCEL_ENV=preview после cleanup exit0; 550 public HTML +1 GSC, private HTML absent; 15770 asset refs, missing0, единый buildId 34a99837-1e71-4025-83a9-2414427497cf. Runtime Node24/maxDuration60, function18.1MB (gzip4.57MB). Stale cache устранён; hosted smoke ещё не выполнен. Последний Node artifact 6aa9fbb6: 550 public HTML, 15770 references, один buildId, missing0; full typecheck passed. | tests/core-domain.test.ts: последний полный запуск 19/19 passed, включая 20 направлений, billing basis, корпоративный self-enrollment guard и canonical publicPath | tests/invoices.test.ts: 11/11, MFA/tenant/replay/immutable snapshots, 100 мест и fixed organization fee, exact allocation | GitHub Quality run34132591085/job101776022750 completed success на commit1e23fc58a68af50917f0334b037a356c28de8fc4: Linux npm ci/lint/typecheck/test/audit(high)/Node build/SEO/assets/Vercel build все success; conditional upload-artifact skipped. https://github.com/shalinivan9669/sertificate/actions/runs/34132591085 | RootCUA: Vercel8ApeFvY61QTAmTCWS3SqJ4PKzJ4m Ready1m32s;4publicpages открыты — HomePageClassic/catalog20/ISO9001RU/KK сrequestprices. /kk/cabinet показывает localizedrequesterror+retry, неfunctionalpass. /api/ready ERR_BLOCKED_BY_CLIENT, external302SSO/noindex, protectionнеобходили. ResourcesNode24/max60s/hostedsize8.69MB (другаяmetricчемlocal18.1MB). DB/SMTPunconnected. | docs/PUBLIC_BUNDLE_AUDIT_2026-09-07.md; artifacts/privacy/public-bundle-audit-6aa9fbb6-34a99837.json + ручная атрибуция public-agent/root: Node6aa9fbb6 и Vercel34a99837,84JS+5CSS каждый, path/SHA256 identical; все84JS AST parsed,1199 public text×2, maps/sourceMappingURL absent. Canary matches0:17fixture/cookie+19academic+39synthetic email+3PDFidentity+7exactprice phrases. correctOptionIds empty editor[]/4member accesses benign, embedded answer data absent. | docs/PREVIEW-NOINDEX-QA.md: isolated OT_NOINDEX=true coldVercel84765834 exit0,550 publicHTML/sitemap550,15770 assetrefs/missing0; actual noindex+robots Disallow:/;2 checker regressions passed. Полный новый local npmtest93/93 exit0,0skip; runtimeкоднеизменён.","Последний local93/93 включает 2 новых checker tests; remoteQualitypass относитсястарому 1e23fc5/91. Остаютсянепроверенные acceptance, hosted/CDN/DB/staging/provider. CLS0.18 явноограничение."
"B52","P0","7","Настроить production наблюдаемость","logs; error scrubber; metrics; alerts","B20;B30;B33;B36","Queue/payment/issuance/CRM alerts tested and owned; no PII logs","engineering","todo","Health/ready, request ID, redacted errors, durable queue metrics и reasoned retry реализованы.","blocked","server/services/operations.ts; docs/RUNBOOK.md: durable leased outbox, metrics/reasoned retry; внешний alert transport не реализован/не проверен | tests/http-security.test.ts: 3/3; streamed body limits, origin/JSON, private headers; tests/core-auth.test.ts limiter","Нет подключённого external alert канала/проверенного получателя; production failure injection не выполнен."
"B53","P0","7","Проверить backup/restore/rollback","deploy; DB; storage; runbooks","B15;B36;B52","Actual isolated restore and consistency check; measured recovery recorded","engineering","todo","Реальный encrypted local backup/restore сохранил schema/data/references/documents; есть rollback runbook.","not_run","docs/CORE_RESTORE_DRILL.json: 2026-09-07T13:32:51Z, read-only source snapshot6ms; CLI на копии backup395ms/restore424ms, 34 таблицы/106 строк, схема001–005, tamper/wrong-password/overwrite/FK/triggers passed; tests/core-backup.test.ts 5/5 | docs/CORE_BACKEND.md; docs/RUNBOOK.md; docs/ARCHITECTURE-DECISIONS.md; IMPLEMENTATION_STATUS.md; docs/BACKLOG_STATUS.csv; docs/ACCEPTANCE_STATUS.csv","Откат running artifact после expand migration и remote backup/restore не выполнялись."
"B54","P1","7","Нагрузочный профиль и тест","staging; autosave; queues; DB","B29;B33;B41;B50","Agreed concurrency/load, measured p95/errors, no invented capacity","engineering","todo","Согласованный локальный read-only профиль:2 endpoint ×50 GET при concurrency10;100/100 HTTP200, p95 health76.63ms/catalog108.07ms, errors0.","passed","docs/PERFORMANCE_LOCAL_LAB_2026-09-07.md; artifacts/performance/report-6aa9fbb6.json: final13 navigation200 без JS/resource/request errors и100 GET200; p95 health76.63ms/catalog108.07ms. Terminal read-only LCP1968ms/CLS0.18 — known local quality limitation; no INP/CWV/remote-capacity claim.","Короткий loopback burst с local libSQL. Устойчивый staging/autosave/queues/remoteDB профиль и production capacity не измерялись."
"B55","P0","7","Собрать staging-пилот полного пути","staging; real approved content; sandbox","B35;B47;B51;B53","B2C+B2B complete journey with synthetic data and provider sandbox","engineering","todo","Локальные synthetic learner/auth journeys и business service pilot выполнены.","blocked","artifacts/lms-browser/report.json: latest Node Chromium11 passed, 0 pageErrors; RU/KK360/1440, original program returnTo, offline/retry, stable exam/reload/conflict, server pass/fail, fake success/ownership/logout. | artifacts/lms-browser/auth-report.json: latest Node Chromium6 passed, queued verification/reset, real TOTP/sign-in MFA, 390px без overflow/JSerrors; SMTP не отправлялся. | tests/business-integration.test.ts; docs/BUSINESS-QA.md: последний отдельный запуск 23/23 passed, включая общий deadline CRM; изолированная libSQL и управляемый transport | tests/invoices.test.ts: 11/11, MFA/tenant/replay/immutable snapshots, 100 мест и fixed organization fee, exact allocation","Latest local synthetic B2C/B2B browser pilot прошёл, но нет полноценного staging pilot с официальным provider sandbox, реальными материалами и remote DB."
"B56","P0","7","Закрыть внешние production gates","hosting; keys; legal; business approval","B18;B35;B55","Explicit owner acceptance; credential/payment checks; no hidden deploy","owner+legal+IT+finance","todo","Ownerproductionapproval получен; draftPR2/commit1e23fc5 и remoteQualitysuccess; VercelpreviewReady и 4publicpages просмотрены. Новые checkerchanges прошли local93, их CI ещёожидается.","blocked","IMPLEMENTATION_STATUS.md и последнее указание владельца: production разрешён после проверок; разрешения центра подтверждены, повторная проверка исключена | .env.example; docs/RUNBOOK.md: Turso/Auth/SMTP production config не подтверждены; принятие Turso integration terms ожидает владельца | Основной исполнитель: cold Vercel build с VERCEL=1/VERCEL_ENV=preview после cleanup exit0; 550 public HTML +1 GSC, private HTML absent; 15770 asset refs, missing0, единый buildId 34a99837-1e71-4025-83a9-2414427497cf. Runtime Node24/maxDuration60, function18.1MB (gzip4.57MB). Stale cache устранён; hosted smoke ещё не выполнен. Последний Node artifact 6aa9fbb6: 550 public HTML, 15770 references, один buildId, missing0; full typecheck passed. | GitHub Quality run34132591085/job101776022750 completed success на commit1e23fc58a68af50917f0334b037a356c28de8fc4: Linux npm ci/lint/typecheck/test/audit(high)/Node build/SEO/assets/Vercel build все success; conditional upload-artifact skipped. https://github.com/shalinivan9669/sertificate/actions/runs/34132591085 | RootCUA: Vercel8ApeFvY61QTAmTCWS3SqJ4PKzJ4m Ready1m32s;4publicpages открыты — HomePageClassic/catalog20/ISO9001RU/KK сrequestprices. /kk/cabinet показывает localizedrequesterror+retry, неfunctionalpass. /api/ready ERR_BLOCKED_BY_CLIENT, external302SSO/noindex, protectionнеобходили. ResourcesNode24/max60s/hostedsize8.69MB (другаяmetricчемlocal18.1MB). DB/SMTPunconnected. | docs/PREVIEW-NOINDEX-QA.md: isolated OT_NOINDEX=true coldVercel84765834 exit0,550 publicHTML/sitemap550,15770 assetrefs/missing0; actual noindex+robots Disallow:/;2 checker regressions passed. Полный новый local npmtest93/93 exit0,0skip; runtimeкоднеизменён. | Rootread-only publiccheck2026-09-07 14:30UTC: otcenter.kz307→www.otcenter.kz200. Толькосуществующийpublichost, noPOST/noCRM; это неpromotion новогоrelease.","Main неизменён/draftPR2. DB/SMTPunconnected, /kk/cabinet показывает error/retry, не functionalpass. Полный hostedsmoke заблокирован SSO/client; реальные content/templates/gates не закрыты."
"B57","P1","7","Сдать документацию и статус всех требований","IMPLEMENTATION_STATUS; runbooks; env.example","B51;B52;B53;B54;B55","Files/commands/screenshots/maps/blockers explicit; no claim all done from one demo","engineering","todo","Подготовлены runbooks/env/ADR, перечни файлов/команд и все 58 backlog/84 acceptance со статусами и ограничениями.","passed","docs/CORE_BACKEND.md; docs/RUNBOOK.md; docs/ARCHITECTURE-DECISIONS.md; IMPLEMENTATION_STATUS.md; docs/BACKLOG_STATUS.csv; docs/ACCEPTANCE_STATUS.csv","Это снимок проверки до final release; новые результаты должен обновить основной исполнитель."
"B58","P1","7","Проверить после разрешённого релиза","monitoring; GSC; funnels; incident playbook","B56;B57","Indexing/error/payment/CRM observation; reversible rollout under owner approval","engineering","todo","PreviewReady и 4 публичныестраницы просмотрены; существующий productionhost14:30UTC ответил 307→www200 в read-onlycheck.","not_run","docs/CORE_BACKEND.md; docs/RUNBOOK.md; docs/ARCHITECTURE-DECISIONS.md; IMPLEMENTATION_STATUS.md; docs/BACKLOG_STATUS.csv; docs/ACCEPTANCE_STATUS.csv | IMPLEMENTATION_STATUS.md и последнее указание владельца: production разрешён после проверок; разрешения центра подтверждены, повторная проверка исключена | GitHub Quality run34132591085/job101776022750 completed success на commit1e23fc58a68af50917f0334b037a356c28de8fc4: Linux npm ci/lint/typecheck/test/audit(high)/Node build/SEO/assets/Vercel build все success; conditional upload-artifact skipped. https://github.com/shalinivan9669/sertificate/actions/runs/34132591085 | RootCUA: Vercel8ApeFvY61QTAmTCWS3SqJ4PKzJ4m Ready1m32s;4publicpages открыты — HomePageClassic/catalog20/ISO9001RU/KK сrequestprices. /kk/cabinet показывает localizedrequesterror+retry, неfunctionalpass. /api/ready ERR_BLOCKED_BY_CLIENT, external302SSO/noindex, protectionнеобходили. ResourcesNode24/max60s/hostedsize8.69MB (другаяmetricчемlocal18.1MB). DB/SMTPunconnected. | Rootread-only publiccheck2026-09-07 14:30UTC: otcenter.kz307→www.otcenter.kz200. Толькосуществующийpublichost, noPOST/noCRM; это неpromotion новогоrelease.","Productionmain неизменён; наблюдениестарогопубличного host неявляетсярелизомновой LMS илипроверкой CRM/payments/всех hostedservices."
